文件,SHA256,课程,应读文字,音标,文字依据,状态,问题编号,说明,base.en 转写,tiny.en 转写,时长毫秒,起音毫秒,人工听审,审核人,审核日期,人工结论
soundmark/audio/loose.mp3,8086dba1da802dadbce0803e2326e4d0fe93dd209187a2d417322e495b9f2ebf,soundmark,loose,页面现状 /lu:z/；正确 /luːs/,page-literal,loose 的页面音标错误,A05,页面显示 /lu:z/；正确为 /luːs/。这是可直接核对的音标错误，不据此断言录音也读成 /z/。,Loose,Loose.,1776,220,待逐条人工听审,,,
unit1-2/audio/l01-w01.mp3,41ca6cc649ca205daf717052e87a38c4f30c35def888f2e6e6bb2c8459cf80ef,unit1-2,excuse,/ɪkˈskjuːz/,audio-manifest,excuse 词卡使用名词读音,A04,本课 Excuse me 使用动词 /ɪkˈskjuːz/。上下文合成选了词尾 /s/；与默认名词候选的波形相关系数为 0.9609，与动词 /z/ 候选为 0.5441。识别文字仍是 excuse，说明识别一致不能排除此类问题。,Excuse.,Excuse.,860,70,待逐条人工听审,,,
unit11-12/audio/l12-b02.mp3,943ba1ca49e9a3b3e2a9e68b760e14730cf2f8224213a6aa6f512784bebd4449,unit11-12,Whose is this car? It's Paul's. It's his car.,,audio-manifest,Paul’s 漏读人名,A03,两套识别均漏掉 Paul；实际配方重放后 Paul’s 的音素只剩 s，与现存录音的波形相关系数为 0.9908。,"Who's is this car? It's, it's his car.",Who's is this car? It's his car.,2426,70,待逐条人工听审,,,
unit5-6/audio/l05-d12.mp3,883d37170b5ef3e2b10b5dbed1f9820a2d668fc4160831b1b1a45bf8e25c8c11,unit5-6,And this is Chang-woo.,,audio-manifest,Chang-woo 漏读 Chang,A02,两套识别都只保留 Wu；生成分词把 Chang-woo 变为 wˈu。该缺词版本与现存录音的波形相关系数为 0.9553。旧发音例外规则只留校验值，无法还原完整规则。,And this is Wu.,And this is Wu.,1394,70,待逐条人工听审,,,
unit5-6/audio/l05-w01.mp3,a6189afc7289246780eca2f80db01c2f0d4bc119bb8c38efea3f6db8a2a8645b,unit5-6,Mr.,/ˈmɪstɚ/,audio-manifest,词卡夹带引导语,A01,两套识别都输出 Here is the word Mr. Mr.；上下文裁词分词边界异常。真实页面已取回相同文件并播放结束。,Here is the word Mr. Mr.,Here is the word Mr. Mr.,1870,70,待逐条人工听审,,,
lesson49/audio/do_you_want_beef_or_lamb.mp3,a96cf1ed4d19709f7b67a10319e706b3f8a38e5056022b744e48d3781ffb7fa4,lesson49 / unit49-50,Do you want beef or lamb?,,course-catalog,优先人工听审,,涉及音素、漏词或名称的差别；识别结果只是线索，尚未人工判断录音对错。,Do you want B4 lamp?,Do you want B for lamb?,2424,260,待逐条人工听审,,,
lesson49/audio/pork.mp3,56f773763b990e2a71b8ef7afbc657577eb3fd8afce85659a79bebfbf1932e8c,lesson49 / unit49-50,pork,/pɔːk/,course-catalog,优先人工听审,,涉及音素、漏词或名称的差别；识别结果只是线索，尚未人工判断录音对错。,Pook.,Poke.,1152,210,待逐条人工听审,,,
lesson50/audio/do.mp3,1ede4897c11530773c8ac1b507bbc63b5af152d1fae7973e21549ce419266056,lesson50,do,,page-literal,优先人工听审,,涉及音素、漏词或名称的差别；识别结果只是线索，尚未人工判断录音对错。,2,two,1776,250,待逐条人工听审,,,
lesson50/audio/lettuces.mp3,daef427590401cedb4e21605947de9a95292e3991e374fa74d4b0e7bea31113c,lesson50,lettuces,,filename-inferred,优先人工听审,,涉及音素、漏词或名称的差别；识别结果只是线索，尚未人工判断录音对错。,Let us is,Let us see.,1776,220,待逐条人工听审,,,
lesson50/audio/pear.mp3,78927eddc50bd9a8af4a9793e6474de98fd62f0baa4dc4ee001018f5489ecb18,lesson50 / unit49-50,pear,/peə/,page-literal,优先人工听审,,涉及音素、漏词或名称的差别；识别结果只是线索，尚未人工判断录音对错。,PAH!,Paaah!,1776,210,待逐条人工听审,,,
lesson50/audio/pears.mp3,12ec00e5a36d4bcd4b4102caba0c0fe59a896acf9771001287ef293d8ebc9660,lesson50,pears,,page-literal,优先人工听审,,涉及音素、漏词或名称的差别；识别结果只是线索，尚未人工判断录音对错。,PES,Pass!,1152,200,待逐条人工听审,,,
lesson50/audio/peas.mp3,6e091b04fa0c161ffe3d88000a135d5af97d4fba917ca224cecde2cdcf56a022,lesson50,peas,,page-literal,优先人工听审,,涉及音素、漏词或名称的差别；识别结果只是线索，尚未人工判断录音对错。,Peace!,Peace!,1776,250,待逐条人工听审,,,
lesson50/audio/plays.mp3,c1196d6f0295756574790684b6fd889f9a2c33f6939510fb7900ed9d79fb69b1,lesson50,plays,,page-literal,优先人工听审,,涉及音素、漏词或名称的差别；识别结果只是线索，尚未人工判断录音对错。,Please,Please.,1776,250,待逐条人工听审,,,
lesson51/audio/it_snows_sometimes.mp3,1ecb35a3e2dff518fc224f8c8bb60ff191a129e819cb6611fc21460b3ed84231,lesson51,It snows sometimes.,,page-literal,优先人工听审,,涉及音素、漏词或名称的差别；识别结果只是线索，尚未人工判断录音对错。,It's snow sometimes.,It snow sometimes.,2400,240,待逐条人工听审,,,
lesson51/audio/warm.mp3,d0ee65c58e153674a2533b9b2f7e8edc15b5e0af01594ec1e7e00390017d66cd,lesson51,warm,,page-literal,优先人工听审,,涉及音素、漏词或名称的差别；识别结果只是线索，尚未人工判断录音对错。,Boom!,One.,1776,210,待逐条人工听审,,,
lesson51/audio/what_s_it_like_in_summer.mp3,5a435d84701d508d5901112f4a1a97fc469d96da7af283fe311849e4bdab7990,lesson51,What's it like in summer?,,page-literal,优先人工听审,,涉及音素、漏词或名称的差别；识别结果只是线索，尚未人工判断录音对错。,What it like in summer,What it like in summer?,2952,310,待逐条人工听审,,,
lesson52/audio/he_s_brazilian.mp3,9668e16058343c46e6d0960a2411ca8be413d6929d317bbe19f76174ce2aebc3,lesson52,He's Brazilian.,,rendered-page,优先人工听审,,涉及音素、漏词或名称的差别；识别结果只是线索，尚未人工判断录音对错。,His Brazilian.,It's Brazilian.,1992,270,待逐条人工听审,,,
lesson52/audio/norway.mp3,103c09ee31238bff4399d56338b3db43310f314f0cc93fdf59d939308d80e36a,lesson52,Norway,,page-literal,优先人工听审,,涉及音素、漏词或名称的差别；识别结果只是线索，尚未人工判断录音对错。,No way.,No way.,1776,210,待逐条人工听审,,,
lesson53/audio/warm.mp3,ae99250b91f69b7e065315c315fef93640815043a155050a8b219c9989ff325a,lesson53,warm,,page-literal,优先人工听审,,涉及音素、漏词或名称的差别；识别结果只是线索，尚未人工判断录音对错。,womb,Boom!,1776,220,待逐条人工听审,,,
lesson54/audio/does_the_sun_set_late.mp3,180f901b543bf9bef77439543b434369a8733c8bfe8ffeed66b7819155c3b3ad,lesson54,does the sun set late,,filename-inferred,优先人工听审,,涉及音素、漏词或名称的差别；识别结果只是线索，尚未人工判断录音对错。,Does the sunset light?,Does the sunset light?,2328,240,待逐条人工听审,,,
lesson54/audio/the_sun_doesn_t_set_late.mp3,deb1877b3ee73615c86c860f70543245d24cb021cedde97a326df3eeef6fc616,lesson54,the sun doesn t set late,,filename-inferred,优先人工听审,,涉及音素、漏词或名称的差别；识别结果只是线索，尚未人工判断录音对错。,The sun doesn't set light.,The sun doesn't set light.,2496,260,待逐条人工听审,,,
lesson54/audio/the_sun_sets_late.mp3,c1c5ac6507b4fcc84d2a7548f48eb642f4abeeb81eb2f23ca6fbc03500e0bbf8,lesson54,The sun sets late.,,rendered-page,优先人工听审,,涉及音素、漏词或名称的差别；识别结果只是线索，尚未人工判断录音对错。,The sun sets light.,The sun sets light.,2232,230,待逐条人工听审,,,
lesson54/audio/yes_he_s_brazilian_he_comes_from_brazil.mp3,34a8b126a302cb22920248b6254aaabac1febce906a1f741ba060bbf022bc121,lesson54,yes he s brazilian he comes from brazil,,filename-inferred,优先人工听审,,涉及音素、漏词或名称的差别；识别结果只是线索，尚未人工判断录音对错。,Yes. His Brazilian. He comes from Brazil.,Yes. His Brazilian. He comes from Brazil.,4392,170,待逐条人工听审,,,
lesson54/audio/you_re_finnish.mp3,57f66296456d20b0c0c69f3334d61b01e9eb1f4c7698ce3d320f5c352046b773,lesson54,You're Finnish.,,rendered-page,优先人工听审,,涉及音素、漏词或名称的差别；识别结果只是线索，尚未人工判断录音对错。,You'll finish.,You'll finish.,1896,250,待逐条人工听审,,,
soundmark/audio/ball.mp3,7e96682627574648309881f24262846e4858ac08cd932456fdf45c1c40f8d5b9,soundmark,ball,,page-literal,优先人工听审,,涉及音素、漏词或名称的差别；识别结果只是线索，尚未人工判断录音对错。,Bull.,Bull!,1128,240,待逐条人工听审,,,
soundmark/audio/bat.mp3,b52f1db4724dcb9c85a6ffd2d8cc040b2d5d9961ebc6fcfa8784ba7bc0c9c404,soundmark,bat,,page-literal,优先人工听审,,涉及音素、漏词或名称的差别；识别结果只是线索，尚未人工判断录音对错。,that,But...,1776,200,待逐条人工听审,,,
soundmark/audio/bed.mp3,3eccbca6e328be2c18225dd03332b984a820dc310a97dbf5a0cb6d3901b33913,soundmark,bed,,page-literal,优先人工听审,,涉及音素、漏词或名称的差别；识别结果只是线索，尚未人工判断录音对错。,Bad,Bad.,1128,250,待逐条人工听审,,,
soundmark/audio/bird.mp3,2b09052a7cf700f09afc359b851a01def6d2b2c875ffd1c9e163153f2e827c37,soundmark,bird,,page-literal,优先人工听审,,涉及音素、漏词或名称的差别；识别结果只是线索，尚未人工判断录音对错。,But...,But...,1776,210,待逐条人工听审,,,
soundmark/audio/cooed.mp3,7942a4ca3d684fa7672ce831914f1e19fb582483098477a7ba2bfcf5fba62e19,soundmark,cooed,,page-literal,优先人工听审,,涉及音素、漏词或名称的差别；识别结果只是线索，尚未人工判断录音对错。,food,Good.,1776,260,待逐条人工听审,,,
soundmark/audio/dog.mp3,af2362fe155ff0b871505d4856239d498dd03031bb8e196895c9af0b6c5077d4,soundmark,dog,,page-literal,优先人工听审,,涉及音素、漏词或名称的差别；识别结果只是线索，尚未人工判断录音对错。,Doc.,Dog!,1104,210,待逐条人工听审,,,
soundmark/audio/ear.mp3,90fa64bd1bc4f4361e802f02f81aa419380d01c8d3776794c6a787b5137f7de2,soundmark,ear,,page-literal,优先人工听审,,涉及音素、漏词或名称的差别；识别结果只是线索，尚未人工判断录音对错。,E.,Yeah.,1776,220,待逐条人工听审,,,
soundmark/audio/fan.mp3,eb725d2f0a9406f9444d11097dbb081556b670c6b712d94d18d16672777f1581,soundmark,fan,,page-literal,优先人工听审,,涉及音素、漏词或名称的差别；识别结果只是线索，尚未人工判断录音对错。,fun,Fan.,1776,240,待逐条人工听审,,,
soundmark/audio/fee.mp3,f5e99703b73686c42e8fcc07eba60f849258329b0352dd723ccb110dafe3774a,soundmark,fee,,page-literal,优先人工听审,,涉及音素、漏词或名称的差别；识别结果只是线索，尚未人工判断录音对错。,See,fee,1776,220,待逐条人工听审,,,
soundmark/audio/goat.mp3,0010a618919825d5f7e26618ba8d72bf4244babcd6f2e6e6b6071a91897bfb65,soundmark,goat,,page-literal,优先人工听审,,涉及音素、漏词或名称的差别；识别结果只是线索，尚未人工判断录音对错。,Don't,Don't.,1776,240,待逐条人工听审,,,
soundmark/audio/had.mp3,3ff7fee815ed2e8156ab95bdde157559be632a9852ec3fe06fd4d823a83bd814,soundmark,had,,page-literal,优先人工听审,,涉及音素、漏词或名称的差别；识别结果只是线索，尚未人工判断录音对错。,Hat.,Hat.,1776,220,待逐条人工听审,,,
soundmark/audio/lid.mp3,cb13a6b845efcc343a229e1dcf12799d830453807a413bf225a162a03c51c408,soundmark,lid,,page-literal,优先人工听审,,涉及音素、漏词或名称的差别；识别结果只是线索，尚未人工判断录音对错。,Let,Lead.,1776,220,待逐条人工听审,,,
soundmark/audio/live.mp3,5bdff55f220ce75567088d3c3a78df2c90f419c8d9e5dababd77b4e5480b3d94,soundmark,live,,page-literal,优先人工听审,,涉及音素、漏词或名称的差别；识别结果只是线索，尚未人工判断录音对错。,life,Life.,1776,220,待逐条人工听审,,,
soundmark/audio/pear.mp3,262f3eedd7ffed4195a0fee608cfee4e5ad9bfda5d0ca4cd9f16666733f09add,soundmark,pear,,page-literal,优先人工听审,,涉及音素、漏词或名称的差别；识别结果只是线索，尚未人工判断录音对错。,PAH!,Paa!,1776,220,待逐条人工听审,,,
soundmark/audio/pull.mp3,004a5fbede34df7f5cd750f5eea72184dd822164ccd097db69a45dfc6f549a5b,soundmark,pull,,page-literal,优先人工听审,,涉及音素、漏词或名称的差别；识别结果只是线索，尚未人工判断录音对错。,pool,Pull.,1776,220,待逐条人工听审,,,
soundmark/audio/took.mp3,3ebfe46554f18feecc1d6496f4940a69a4052be7d826edb02548ee19ddf53d57,soundmark,took,,page-literal,优先人工听审,,涉及音素、漏词或名称的差别；识别结果只是线索，尚未人工判断录音对错。,Tuke.,Took.,1776,220,待逐条人工听审,,,
soundmark/audio/tour.mp3,60d0c6e88753cebe68d576f6af4add6e5b139a06b3ad57a10b1230185dc7788f,soundmark,tour,,page-literal,优先人工听审,,涉及音素、漏词或名称的差别；识别结果只是线索，尚未人工判断录音对错。,tool,Tool.,1776,260,待逐条人工听审,,,
unit1-2/audio/nce-u01-c-q-coat.mp3,df21029b3c8290d10d34a488f41a5315c607393956de9630db103d32c696d1f4,unit1-2,Is this your coat?,,audio-manifest,优先人工听审,,涉及音素、漏词或名称的差别；识别结果只是线索，尚未人工判断录音对错。,Is this your code?,Is this your code?,1514,100,待逐条人工听审,,,
unit11-12/audio/l11-d15.mp3,2cdc71d20d775b7248c937d2253651000bf8dc802205c1ba9b6177a0c7cc8d56,unit11-12,Catch!,,audio-manifest,优先人工听审,,涉及音素、漏词或名称的差别；识别结果只是线索，尚未人工判断录音对错。,Catch you.,Catch you!,874,70,待逐条人工听审,,,
unit11-12/audio/l12-b12.mp3,b5e873fa42e262c4e82711fb9337f75473a0c7e47f1d11550d9e9fd2db0c3232,unit11-12,Whose is this pencil? It's Hans's. It's his pencil.,,audio-manifest,优先人工听审,,涉及音素、漏词或名称的差别；识别结果只是线索，尚未人工判断录音对错。,"Who's is this pencil? It's hands is, it's his pencil.","Who's is this pencil? It hands is, it's his pencil.",3371,70,待逐条人工听审,,,
unit11-12/audio/l12-w08.mp3,839ef414d857405834b866db1bcdfe2f589385248771ede9d294acea98765c2f,unit11-12,her,/hɝː/,audio-manifest,优先人工听审,,涉及音素、漏词或名称的差别；识别结果只是线索，尚未人工判断录音对错。,HURT!,heard.,602,60,待逐条人工听审,,,
unit11-12/audio/written-a-00.mp3,67ffe2db4eb5decc027ca60ffddfe0f725dd658fee707b5214f0d9a90d62494f,unit11-12,Hans is here. That is his car.,,audio-manifest,优先人工听审,,涉及音素、漏词或名称的差别；识别结果只是线索，尚未人工判断录音对错。,"Hands is here, that is his car.","Hands is here, that is his car.",2106,70,待逐条人工听审,,,
unit3-4/audio/l04-p05.mp3,bc111e78c76d22d2bf3cec284fbee51c829a4c2073473bd5fd2dfa75c0c3988e,unit3-4,Is this your coat?,,audio-manifest,优先人工听审,,涉及音素、漏词或名称的差别；识别结果只是线索，尚未人工判断录音对错。,Is this your code?,Is this your code?,1300,70,待逐条人工听审,,,
unit5-6/audio/l05-d06.mp3,3959acfb387e5ad40eca949e4cc0c3038c49ef44b1d8871b489b238523767fc3,unit5-6,"Sophie, this is Hans.",,audio-manifest,优先人工听审,,涉及音素、漏词或名称的差别；识别结果只是线索，尚未人工判断录音对错。,"Sophie, this is hand.","Sophie, this is hands.",1575,70,待逐条人工听审,,,
unit5-6/audio/l05-d18.mp3,9fe773bd35ac4704fb16a68831d69d774d4002022e25bd5bab703b6cb710039d,unit5-6,And this is Xiaohui.,,audio-manifest,优先人工听审,,涉及音素、漏词或名称的差别；识别结果只是线索，尚未人工判断录音对错。,And this is Shao Wei.,and this is shall we?,1612,70,待逐条人工听审,,,
unit5-6/audio/l06-w08.mp3,f3f6971eccf41986f7acbaec9c4f2655112abf351c01dd1dd35427beb26b0e8d,unit5-6,Toyota,/tɔɪˈjoʊt̬ə/,audio-manifest,优先人工听审,,涉及音素、漏词或名称的差别；识别结果只是线索，尚未人工判断录音对错。,to Yoda.,to Yoda.,728,70,待逐条人工听审,,,
unit5-6/audio/reference-hans.mp3,86d01e439c79e46cba6ffb854728011f9c0c2d9ed48bea05bd7af5d3580adaab,unit5-6,Hans is a student. He isn't French. He is German.,,audio-manifest,优先人工听审,,涉及音素、漏词或名称的差别；识别结果只是线索，尚未人工判断录音对错。,"Hands is a student, he isn't French, he is German.","hands as a student, he isn't French, he is German.",3259,70,待逐条人工听审,,,
unit7-8/audio/l08-w01.mp3,6d94858e79570f3417003317c16341cbaae760430b49a7a11c4a6f3cb24a19f7,unit7-8,policeman,/pəˈliːsmən/,audio-manifest,优先人工听审,,涉及音素、漏词或名称的差别；识别结果只是线索，尚未人工判断录音对错。,Policemen. //,Polisman.,877,80,待逐条人工听审,,,
unit9-10/audio/l10-w04.mp3,b2f1d89f4bbc526d8bd4aab51b795bc696fd0aaca8c02e167586a528ffc71ad0,unit9-10,tall,/tɑːl/,audio-manifest,优先人工听审,,涉及音素、漏词或名称的差别；识别结果只是线索，尚未人工判断录音对错。,Tell.,Tal.,636,70,待逐条人工听审,,,
unit9-10/audio/written-a-05.mp3,0e40e327bce43dbb83a7d4076fc1ec05d9563ecaf7023b8582ce3638b16c5f4e,unit9-10,Naoko isn't Chinese. She's Japanese.,,audio-manifest,优先人工听审,,涉及音素、漏词或名称的差别；识别结果只是线索，尚未人工判断录音对错。,"Nokko isn't Chinese, she's Japanese.","Not co-isn't Chinese, she's Japanese.",2949,70,待逐条人工听审,,,
lesson49/audio/a_pound_of_mince.mp3,b9264387582590308c1981b3afdf71bc996d60d9f462d52ceff955ff384e0086,lesson49 / unit49-50,a pound of mince,,course-catalog,一般复核,,两模型结论不同，或涉及弱读、名称等；保留复核，不自动判错。,A pound of mints,A pound of mince.,1848,210,待逐条人工听审,,,
lesson49/audio/mince.mp3,8c5bfc60a9fe6e902b033e8d3daa821b5ca12c06616ba389cd526b377f1fc8cc,lesson49 / unit49-50,mince,/mɪns/,course-catalog,一般复核,,两模型结论不同，或涉及弱读、名称等；保留复核，不自动判错。,means,Mince.,1200,220,待逐条人工听审,,,
lesson50/audio/lettuce.mp3,b493d79eab2795b4e4f08f37aa43f12f6a9fac142ed66a50586396fa1fcbcf79,lesson50 / unit49-50,lettuce,/ˈletɪs/,page-literal,一般复核,,两模型结论不同，或涉及弱读、名称等；保留复核，不自动判错。,Let us,Let us...,1776,220,待逐条人工听审,,,
lesson50/audio/teaches.mp3,97160734bb443acfe9d61373ba351f572ec385c899617e64bbee54fad83513e1,lesson50,teaches,,page-literal,一般复核,,两模型结论不同，或涉及弱读、名称等；保留复核，不自动判错。,Teachers,teaches,1776,230,待逐条人工听审,,,
lesson51/audio/does_it_ever_snow_in_greece.mp3,f02cbf596c9f1f0003c10aea6b93d64477c1e5af3030c988dd3d0bd310020f9b,lesson51,Does it ever snow in Greece?,,page-literal,一般复核,,两模型结论不同，或涉及弱读、名称等；保留复核，不自动判错。,Does it have a snow in Greece?,Does it ever snow in Greece?,2280,190,待逐条人工听审,,,
lesson52/audio/he_s_greek.mp3,581ced7de68e383352b823368612e90ba52000a72355a9c625560e8327286fa5,lesson52,He's Greek.,,page-literal,一般复核,,两模型结论不同，或涉及弱读、名称等；保留复核，不自动判错。,His Greek.,He's Greek.,1776,270,待逐条人工听审,,,
lesson53/audio/the_weather_s_often_cold_in_the_north.mp3,f661bc5781ad5509e0f16f3a6ca9bcf5e4b5c4b3c1cfc92591e51e5c46ae4991,lesson53,The weather's often cold in the North.,,page-literal,一般复核,,两模型结论不同，或涉及弱读、名称等；保留复核，不自动判错。,The weather is often cold in the north.,The weather's often cold in the north.,2784,220,待逐条人工听审,,,
lesson53/audio/the_weather_s_often_cold_in_the_north_and_windy_in_the_east.mp3,de9b22236d4d345e9dea375547916f44d8efea5f9a917768956ceacc2312e006,lesson53,The weather's often cold in the North and windy in the East.,,page-literal,一般复核,,两模型结论不同，或涉及弱读、名称等；保留复核，不自动判错。,The weather is often cold in the north and windy in the east.,The weather's often cold in the north and windy in the east.,3960,210,待逐条人工听审,,,
lesson54/audio/does_jim_come_from_england.mp3,ab185b3fa69f3fb038219e9ad8951d53aeff576f54fa5f6552f28925146910b3,lesson54,does jim come from england,,filename-inferred,一般复核,,两模型结论不同，或涉及弱读、名称等；保留复核，不自动判错。,Does Zoom come from England?,Does Jim come from England?,2472,240,待逐条人工听审,,,
soundmark/audio/eye.mp3,f9c4b986289a2408804ac496af9002fcf7633ea0c9950b6b80036c99f239843a,soundmark,eye,,page-literal,一般复核,,两模型结论不同，或涉及弱读、名称等；保留复核，不自动判错。,I,Bye!,1776,220,待逐条人工听审,,,
soundmark/audio/would.mp3,44d87c4c0039601680d69838251a718932de42d0564236bb90037eef5a74dcdf,soundmark,would,,page-literal,一般复核,,两模型结论不同，或涉及弱读、名称等；保留复核，不自动判错。,Wood,What?,1776,230,待逐条人工听审,,,
unit11-12/audio/l11-w01.mp3,8a59e87b10171277fcf28baf7c42efc8b9b89d179ef69385ae3524d361912e7d,unit11-12,whose,/huːz/,audio-manifest,一般复核,,两模型结论不同，或涉及弱读、名称等；保留复核，不自动判错。,Who's?,Who is?,722,60,待逐条人工听审,,,
unit11-12/audio/l12-b04.mp3,716b065b91bbfd6009b052a8ce281ceda52595c5faacdddcbcabccaad2572882,unit11-12,Whose is this umbrella? It's Steven's. It's his umbrella.,,audio-manifest,一般复核,,两模型结论不同，或涉及弱读、名称等；保留复核，不自动判错。,Who's this umbrella? It's Stevens. It's his umbrella.,Who's is this umbrella? It's Stevens. It's his umbrella.,3782,70,待逐条人工听审,,,
unit11-12/audio/phrase-that.mp3,12639076423df129945e14c5fc7518d8f4b7269db04f6ab0763d21117fd6713a,unit11-12,Whose is that tie?,,audio-manifest,一般复核,,两模型结论不同，或涉及弱读、名称等；保留复核，不自动判错。,Who's that tie?,Who's is that tie?,1357,70,待逐条人工听审,,,
unit3-4/audio/l03-w10.mp3,7c5647dbda753d68fbf68c18fdbbe28cc8f39be43b099a4674fbf8d052c4cdca,unit3-4,cloakroom,/ˈkloʊkruːm/,audio-manifest,一般复核,,两模型结论不同，或涉及弱读、名称等；保留复核，不自动判错。,Cloacroom.,cloakroom.,782,70,待逐条人工听审,,,
unit5-6/audio/l05-d03.mp3,912628e916fcd7fc1a438265f64262b78ae742c02a1014407d7c49ffb1540294,unit5-6,This is Miss Sophie Dupont.,,audio-manifest,一般复核,,两模型结论不同，或涉及弱读、名称等；保留复核，不自动判错。,This is Ms. Sophie DuPont.,This is Miss Sophie DuPont.,1855,70,待逐条人工听审,,,
unit5-6/audio/l05-d07.mp3,d63a8ee31a72caf7a68ff352ea7473210d817af760e95c59bff00f8b28dc106f,unit5-6,He is German.,,audio-manifest,一般复核,,两模型结论不同，或涉及弱读、名称等；保留复核，不自动判错。,He is Jarman.,He is German.,1311,70,待逐条人工听审,,,
unit5-6/audio/l05-d15.mp3,ad7dee504f2e17f839e97390c87558f85432099d264844bed40ae8a302b10cde,unit5-6,And this is Luming.,,audio-manifest,一般复核,,两模型结论不同，或涉及弱读、名称等；保留复核，不自动判错。,And this is looming.,And this is looming.,1472,70,待逐条人工听审,,,
unit5-6/audio/l06-w02.mp3,006ac7d7d82c5dabf3dcbeef1d4f692eba2b8a049091a626e3a4da6a5b9419f1,unit5-6,Swedish,/ˈswiːdɪʃ/,audio-manifest,一般复核,,两模型结论不同，或涉及弱读、名称等；保留复核，不自动判错。,Sweetish.,Swedish.,806,70,待逐条人工听审,,,
unit5-6/audio/l06-w10.mp3,e3d17311e19e66e7c8d103a61ae9212c80dc0a721aa60a92d5095a226fac2cda,unit5-6,Mini,/ˈmɪni/,audio-manifest,一般复核,,两模型结论不同，或涉及弱读、名称等；保留复核，不自动判错。,Many.,Mini.,582,70,待逐条人工听审,,,
unit7-8/audio/l07-w02.mp3,d2ec17184632380443f5c51d7306f8f4b20e51520b972f8516b62e9b836fbae0,unit7-8,am,/æm/,audio-manifest,一般复核,,两模型结论不同，或涉及弱读、名称等；保留复核，不自动判错。,and,Am.,640,70,待逐条人工听审,,,
lesson49/audio/give_me_that_piece_please.mp3,5b388a2de2a49f607f01ef67b478278c3d596f78cb9889a5013d8e6504941130,lesson49 / unit49-50,"Give me that piece, please.",,course-catalog,可解释的转写差异,,piece / peace 同音；另一模型写回 piece。 不代表人工已通过。,"Give me that peace, please.","Give me that piece, please.",2520,200,待逐条人工听审,,,
lesson49/audio/lamb_please.mp3,9e59de0a32a410f9d54d6e152520e2a4545191a614ba25ada99976a5a4e4bd1f,lesson49 / unit49-50,"Lamb, please.",,course-catalog,可解释的转写差异,,lamb / Lam 的拼写识别差异；另一模型写回 lamb。 不代表人工已通过。,"Lam, please.","Lamb, please.",1896,210,待逐条人工听审,,,
lesson49/audio/meat.mp3,7481c1b0fe13a2b662886107fe175045f9f6499ec4d19ebe3d209850f2d3e6b8,lesson49 / unit49-50,meat,/miːt/,course-catalog,可解释的转写差异,,meat / meet 同音。 不代表人工已通过。,Meet,Meet.,1104,210,待逐条人工听审,,,
lesson49/audio/she_gets_up_at_six_in_the_morning.mp3,ed2cd5b1ebd333f9a83c4acb502e7d1bf9fd9b47e3516f2ba86c2a6f2533b820,lesson49,she gets up at six in the morning,,filename-inferred,可解释的转写差异,,数字 6 / six。 不代表人工已通过。,She gets up at 6 in the morning.,She gets up at 6 in the morning.,2640,210,待逐条人工听审,,,
lesson50/audio/i_don_t_go_to_school_at_seven_o_clock.mp3,d8d20a2b72eb4d640973ef32054e31acac2e7c544f4c5da88abd043c4f22658b,lesson50,I don't go to school at seven o'clock.,,page-literal,可解释的转写差异,,数字 7 / seven。 不代表人工已通过。,I don't go to school at 7 o'clock.,I don't go to school at seven o'clock.,3096,210,待逐条人工听审,,,
lesson50/audio/i_go_to_school_at_seven_o_clock.mp3,400aa75dab4b3abba930015d38e48a3c0ac0514c2baaeedec62651f4954663e7,lesson50,I go to school at seven o'clock.,,page-literal,可解释的转写差异,,数字 7 / seven。 不代表人工已通过。,I go to school at 7 o'clock.,I go to school at 7 o'clock.,2832,210,待逐条人工听审,,,
lesson50/audio/pea.mp3,d40bba69c4c7dd871a4fc85206ba6bb26594ba6d68387bbaa11dbde100221bd8,lesson50 / unit49-50,pea,/piː/,page-literal,可解释的转写差异,,pea / 字母 P 同音。 不代表人工已通过。,P,P.,1776,210,待逐条人工听审,,,
lesson50/audio/ten_and_ten_is_twenty.mp3,35b42968fd2d8570a3dffb4566928c8dbcefb0e27e6a21805f791f8aa093c063,lesson50,Ten and ten is twenty.,,page-literal,可解释的转写差异,,数字与英文数词写法不同。 不代表人工已通过。,10 and 10 is 20,10 and 10 is 20.,2352,240,待逐条人工听审,,,
lesson53/audio/it_s_our_favourite_subject_of_conversation.mp3,f62d5289288222859640c4c0b45ecd7a4b7cfcdcfe1eeb463e0f933a453beae7,lesson53,It's our favourite subject of conversation.,,page-literal,可解释的转写差异,,favourite / favorite 为英美拼写差异。 不代表人工已通过。,It's our favorite subject of conversation.,It's our favorite subject of conversation.,3456,200,待逐条人工听审,,,
lesson53/audio/what_is_the_favourite_subject_of_conversation_in_england.mp3,3339b1dd852ace4fc4f1c938cbbfa99dbab76c178ca54710c3535519065102b6,lesson53,What is the favourite subject of conversation in England?,,page-literal,可解释的转写差异,,favourite / favorite 为英美拼写差异。 不代表人工已通过。,What is the favorite subject of conversation in England?,What is the favourite subject of conversation in England?,3864,250,待逐条人工听审,,,
lesson54/audio/finnish.mp3,e6c5999041a12efc62d7f68cfca0584315bb13ce475ce9408972bf87985d7add,lesson54,Finnish,,rendered-page,可解释的转写差异,,Finnish / finish 同音。 不代表人工已通过。,Finish.,Finish.,1776,240,待逐条人工听审,,,
lesson54/audio/you_re_japanese.mp3,db0017ec98946b86fa76e64b250be0295d346c46ff4dc933e31c51230612ae57,lesson54,You're Japanese.,,rendered-page,可解释的转写差异,,your / you’re 可同音；另一模型识别出 you’re。 不代表人工已通过。,Your Japanese,You're Japanese.,1776,200,待逐条人工听审,,,
soundmark/audio/bee.mp3,8e722080372d3e6e072a27ec04a8e8faa1f32fa9b6e34a9b8e6108faefe51079,soundmark,bee,,page-literal,可解释的转写差异,,bee / 字母 B 同音。 不代表人工已通过。,B,B,1080,220,待逐条人工听审,,,
soundmark/audio/flee.mp3,ddbeb77c84b4958e1383921b707097bf8d3ec57930152e6ce9b0076c73856947,soundmark,flee,,page-literal,可解释的转写差异,,flee / flea 同音。 不代表人工已通过。,Flea,flea,1776,230,待逐条人工听审,,,
soundmark/audio/flew.mp3,cd5a12fdfc28c72d8b450f580efeb3993c3f2094fdc8f467ecd52b291fd6f37b,soundmark,flew,,page-literal,可解释的转写差异,,flew / flu / flue 同音。 不代表人工已通过。,flu,Flue.,1776,210,待逐条人工听审,,,
soundmark/audio/ink.mp3,89dc5eedcb49959f8cce13fc49aa4acbf9b1c3afc58776a8b9bfa34b8c666a45,soundmark,ink,,page-literal,可解释的转写差异,,ink / Inc. 的常见读法相同。 不代表人工已通过。,Inc.,Inc.,1776,220,待逐条人工听审,,,
soundmark/audio/mat.mp3,b42d83216cf930da5eea88b6e0719db5150a9cd31f493c2fe78eb52ea63dc7d7,soundmark,mat,,page-literal,可解释的转写差异,,mat / Matt 同音。 不代表人工已通过。,Matt.,Matt.,1776,220,待逐条人工听审,,,
soundmark/audio/sea.mp3,01770736f051370cc62920c42fdca88cb92078ecee07c0bcc4bd75ae6e1e50db,soundmark,sea,,page-literal,可解释的转写差异,,sea / see / 字母 C 同音。 不代表人工已通过。,C,See,1776,220,待逐条人工听审,,,
soundmark/audio/three.mp3,3c1fe2403a609be76cfdd5e01971ae273608acecd22e0d29645c7f3a3d40abd2,soundmark,three,,page-literal,可解释的转写差异,,数字 3 / three。 不代表人工已通过。,3,Three,1776,240,待逐条人工听审,,,
soundmark/audio/too.mp3,23c4ec0fb5c935d9cdcfc77800c78fe38849b4d3ff094f81a5d8eb914e5d6a12,soundmark,too,,page-literal,可解释的转写差异,,too / two 同音。 不代表人工已通过。,Two.,Two.,1776,220,待逐条人工听审,,,
unit1-2/audio/l01-w06.mp3,ece1b6c685dad9d514eaaf8b793c43d95058bc915fc085d70a6d36c06de6d6c0,unit1-2,your,/jʊr/,audio-manifest,可解释的转写差异,,your / you’re 可同音，不能靠拼写转写判错。 不代表人工已通过。,You're...,You're.,575,70,待逐条人工听审,,,
unit11-12/audio/l11-d01.mp3,2c56c03109b33b69900c21db7ecae174a9f2f5129a756442836b4a97dd39e625,unit11-12,Whose shirt is that?,,audio-manifest,可解释的转写差异,,whose / who’s 同音；撇号等写法差异不能单独证明发音错误。 不代表人工已通过。,Who's shirt is that?,Who's shirt is that?,1322,70,待逐条人工听审,,,
unit11-12/audio/l12-b00.mp3,042a877cf23957715ab71e8dc5388ab770d5596bbad4917f2f76af6df60d46df,unit11-12,Whose is this shirt? It's Tim's. It's his shirt.,,audio-manifest,可解释的转写差异,,whose / who’s 同音；撇号等写法差异不能单独证明发音错误。 不代表人工已通过。,Who's is this shirt? It's Tim's. It's his shirt.,Whose is this shirt? It's Tim's. It's his shirt.,2898,70,待逐条人工听审,,,
unit11-12/audio/l12-b01.mp3,481873d3a9745012513adc553308bcafd51336f8f9a1a551019b5c471f554028,unit11-12,Whose is this handbag? It's Stella's. It's her handbag.,,audio-manifest,可解释的转写差异,,whose / who’s 同音；撇号等写法差异不能单独证明发音错误。 不代表人工已通过。,Who's is this handbag? It's Stella's. It's her handbag.,"Who's is this handbag? It's Stella's, it's her handbag.",3547,70,待逐条人工听审,,,
unit11-12/audio/l12-b03.mp3,fafeddd02b0300f4e97fe8304f82fc196f50f77c46125fdac0b58c5d07a543dd,unit11-12,Whose is this coat? It's Sophie's. It's her coat.,,audio-manifest,可解释的转写差异,,whose / who’s 同音；撇号等写法差异不能单独证明发音错误。 不代表人工已通过。,Who's is this coat? It's Sophie's. It's her coat.,Who's is this coat? It's Sophie's. It's her coat.,2916,70,待逐条人工听审,,,
unit11-12/audio/l12-b05.mp3,d3a6073845d2467af307c5276e2e9273bcdbdfb3f5a96a23abcebdd835a26e6e,unit11-12,Whose is this pen? It's my son's. It's his pen.,,audio-manifest,可解释的转写差异,,whose / who’s 同音；撇号等写法差异不能单独证明发音错误。 不代表人工已通过。,"Who's is this pen? It's my son's, it's his pen.","Who's is this pen? It's my son's, it's his pen.",3116,70,待逐条人工听审,,,
unit11-12/audio/l12-b06.mp3,aeddb68a86d1f1f00f84d3ec6a352bfb86679d85ac616737ba4d6d066cbe38f1,unit11-12,Whose is this dress? It's my daughter's. It's her dress.,,audio-manifest,可解释的转写差异,,whose / who’s 同音；撇号等写法差异不能单独证明发音错误。 不代表人工已通过。,Who's is this dress? It's my daughter's. It's her dress.,"Who's is this dress? It's my daughter's, it's her dress.",3183,70,待逐条人工听审,,,
unit11-12/audio/l12-b07.mp3,1ae660406b2d6f5f742afc53c2f92d64a048c24e519563355ff888c4497a9230,unit11-12,Whose is this suit? It's my father's. It's his suit.,,audio-manifest,可解释的转写差异,,whose / who’s 同音；撇号等写法差异不能单独证明发音错误。 不代表人工已通过。,"Who's is this suit? It's my father's, it's his suit.","Who's is this suit? It's my father's, it's his suit.",2958,70,待逐条人工听审,,,
unit11-12/audio/l12-b08.mp3,37242216f9f107e64f6928489dcee9f74b93b2539a3a1b0deccbed5cdaac4d1b,unit11-12,Whose is this skirt? It's my mother's. It's her skirt.,,audio-manifest,可解释的转写差异,,whose / who’s 同音；撇号等写法差异不能单独证明发音错误。 不代表人工已通过。,Who's is this skirt? It's my mother's. It's her skirt.,Who's is this skirt? It's my mother's. It's her skirt.,3056,70,待逐条人工听审,,,
unit11-12/audio/l12-b09.mp3,df9edc807b32d1cf734b028a90213afd6000fd3f385c8a3920fb5685fafab75b,unit11-12,Whose is this blouse? It's my sister's. It's her blouse.,,audio-manifest,可解释的转写差异,,whose / who’s 同音；撇号等写法差异不能单独证明发音错误。 不代表人工已通过。,Who's is this blouse? It's my sister's. It's her blouse.,"Who's is this blouse? It's my sisters, it's her blouse.",3443,70,待逐条人工听审,,,
unit11-12/audio/l12-b10.mp3,5b76d7c5a6eb31a2c7eb19eb0ce9b5455283a70ab2e79a3685cf2ad94c8a90ba,unit11-12,Whose is this tie? It's my brother's. It's his tie.,,audio-manifest,可解释的转写差异,,whose / who’s 同音；撇号等写法差异不能单独证明发音错误。 不代表人工已通过。,"Who's is this tie? It's my brother's, it's his tie.","Who's is this tie? It's my brother's, it's his tie.",2828,70,待逐条人工听审,,,
unit11-12/audio/l12-b11.mp3,367755034f3147c22a07f5aa35789b1e37cd26f440f5e722f79fb4e461932665,unit11-12,Whose is this pen? It's Sophie's. It's her pen.,,audio-manifest,可解释的转写差异,,whose / who’s 同音；撇号等写法差异不能单独证明发音错误。 不代表人工已通过。,Who's is this pen? It's Sophie's. It's her pen.,Who's is this pen? It's Sophie's. It's her pen.,2862,70,待逐条人工听审,,,
unit11-12/audio/phrase-this.mp3,3c2b9901322b0b0dd6c7812fbba35e6e85b3b2aefde9f633ff82035f433172e8,unit11-12,Whose is this shirt?,,audio-manifest,可解释的转写差异,,whose / who’s 同音；撇号等写法差异不能单独证明发音错误。 不代表人工已通过。,Who's is this shirt?,Who's is this shirt?,1314,70,待逐条人工听审,,,
unit5-6/audio/l05-w14.mp3,b6287d4c08d6d539d59f74ab620aa38e552ad9146dc60c3d119438c54f11199d,unit5-6,too,/tuː/,audio-manifest,可解释的转写差异,,too / two / 2 同音。 不代表人工已通过。,2.,Two.,568,70,待逐条人工听审,,,
unit7-8/audio/l07-w03.mp3,982a0b2b4c66860739f521acfe77b3bf6476a456bee22034506100bcba464cc1,unit7-8,are,/ɑːr/,audio-manifest,可解释的转写差异,,美式 are / 字母 R 同音。 不代表人工已通过。,R.,R.,635,80,待逐条人工听审,,,
unit9-10/audio/l09-d02.mp3,10f5a89d939cd208553b657c5b4b4932993904e4c5b1e92fea5a7e7ec17dafb0,unit9-10,"Hi, Steven.",,audio-manifest,可解释的转写差异,,Steven / Stephen 为名字拼写差异。 不代表人工已通过。,"Hi, Stephen.","Hi, Steven.",1102,70,待逐条人工听审,,,
unit9-10/audio/l09-w09.mp3,97009e774b06e0408d8d31a75639027902bd31e275d771d4fa73b3f13f5e7cae,unit9-10,see,/siː/,audio-manifest,可解释的转写差异,,see / 字母 C 同音。 不代表人工已通过。,C.,See.,650,80,待逐条人工听审,,,
unit9-10/audio/written-a-04.mp3,b9560bc6ed370c53787d3cbdf5529087b9359bed87d9b8f3593a9035578be63d,unit9-10,Steven isn't cold. He's hot.,,audio-manifest,可解释的转写差异,,Steven / Stephen 为名字拼写差异。 不代表人工已通过。,"Stephen isn't cold, he's hot.","Steven isn't cold, he's hot.",2218,80,待逐条人工听审,,,
lesson49/audio/a_piece_of_steak.mp3,b1d2412f539f5f9f418dca36a789e912af03ff0e53c2f69a02d99d70db41338e,lesson49 / unit49-50,a piece of steak,,course-catalog,初筛未提示文字差异,,只表示自动初筛没有文字差异；自然度、音色、词性变音和音标仍需人工听审。,A piece of steak.,未做第二模型,1800,210,待逐条人工听审,,,
lesson49/audio/are_you_a_teacher.mp3,279fd1a1682290b647ae4d528843aa6a7ea82b93b96fa3e8f2502a18b92e6ebd,lesson49 / unit49-50,Are you a teacher?,,course-catalog,初筛未提示文字差异,,只表示自动初筛没有文字差异；自然度、音色、词性变音和音标仍需人工听审。,Are you a teacher?,未做第二模型,1680,210,待逐条人工听审,,,
lesson49/audio/are_you_at_home.mp3,ba616182ff2f5bdc44fe175392407fd300b227ce69a305f9197c2df363d0655b,lesson49 / unit49-50,Are you at home?,,course-catalog,初筛未提示文字差异,,只表示自动初筛没有文字差异；自然度、音色、词性变音和音标仍需人工听审。,Are you at home?,未做第二模型,1632,210,待逐条人工听审,,,
lesson49/audio/are_you_busy.mp3,c1ec8300767bf364aa04c7a8e2f48df1a268eeee559b02fdb47b242d7b708b51,lesson49 / unit49-50,Are you busy?,,course-catalog,初筛未提示文字差异,,只表示自动初筛没有文字差异；自然度、音色、词性变音和音标仍需人工听审。,Are you busy?,未做第二模型,1440,190,待逐条人工听审,,,
lesson49/audio/beef.mp3,00bcfdd7eab30a25cec276a7213cb01411a976906bbb1d2498a06f1de549167a,lesson49 / unit49-50,beef,/biːf/,course-catalog,初筛未提示文字差异,,只表示自动初筛没有文字差异；自然度、音色、词性变音和音标仍需人工听审。,Beef.,未做第二模型,1104,250,待逐条人工听审,,,
lesson49/audio/beef_please.mp3,df65fd6ef95c2f03d4b26e9492eb515683bd56693d8d2851449d1e81750fa01d,lesson49 / unit49-50,"Beef, please.",,course-catalog,初筛未提示文字差异,,只表示自动初筛没有文字差异；自然度、音色、词性变音和音标仍需人工听审。,"Beef, please.",未做第二模型,1824,240,待逐条人工听审,,,
lesson49/audio/butcher.mp3,cb67032ba1a651b7836df84d45021720ca31651839b2aacf5bf8883cb0dc74b4,lesson49 / unit49-50,butcher,/'bʊtʃə(r)/,course-catalog,初筛未提示文字差异,,只表示自动初筛没有文字差异；自然度、音色、词性变音和音标仍需人工听审。,butcher,未做第二模型,1176,210,待逐条人工听审,,,
lesson49/audio/chicken.mp3,98bd9bd2b9f0e6a08f46c6e9290bae40577f89b928877a96d3306c0eb951d0fb,lesson49 / unit49-50,chicken,/'tʃɪkɪn/,course-catalog,初筛未提示文字差异,,只表示自动初筛没有文字差异；自然度、音色、词性变音和音标仍需人工听审。,Chicken,未做第二模型,1176,210,待逐条人工听审,,,
lesson49/audio/do_you_make_the_bed.mp3,49524dcf31026f9ea1cd194a56c9de581060a5c895fd8f9a0e5e3b7ae3353203,lesson49 / unit49-50,Do you make the bed?,,course-catalog,初筛未提示文字差异,,只表示自动初筛没有文字差异；自然度、音色、词性变音和音标仍需人工听审。,Do you make the bed?,未做第二模型,1776,200,待逐条人工听审,,,
lesson49/audio/do_you_put_on_your_coat.mp3,73f17041a8b93b137ac5eb7628822168af46cee997b3d1359f5bdd4e17b1b925,lesson49 / unit49-50,Do you put on your coat?,,course-catalog,初筛未提示文字差异,,只表示自动初筛没有文字差异；自然度、音色、词性变音和音标仍需人工听审。,Do you put on your coat?,未做第二模型,2112,250,待逐条人工听审,,,
lesson49/audio/do_you_sleep_well.mp3,11d1d39869a095a30c30ecc2b79eb21d6a027d3e07aa5deb1a726bc3175f3c9e,lesson49 / unit49-50,Do you sleep well?,,course-catalog,初筛未提示文字差异,,只表示自动初筛没有文字差异；自然度、音色、词性变音和音标仍需人工听审。,Do you sleep well?,未做第二模型,1776,210,待逐条人工听审,,,
lesson49/audio/do_you_want_a_chicken_mrs_bird_they_re_very_nice.mp3,5383dd2c5cf0f6ff3915559f19d5c8c2f41fad21a8bfc85eb4bf43b4a0fbc71d,lesson49 / unit49-50,"Do you want a chicken, Mrs. Bird? They're very nice.",,course-catalog,初筛未提示文字差异,,只表示自动初筛没有文字差异；自然度、音色、词性变音和音标仍需人工听审。,"Do you want a chicken, Mrs. Bird? They're very nice.",未做第二模型,5160,250,待逐条人工听审,,,
lesson49/audio/do_you_want_any_meat_today_mrs_bird.mp3,fda282f6801876fa70b16d1cde972b5a180aa2b13d6e8941365da1e9b0d727bc,lesson49 / unit49-50,"Do you want any meat today, Mrs. Bird?",,course-catalog,初筛未提示文字差异,,只表示自动初筛没有文字差异；自然度、音色、词性变音和音标仍需人工听审。,"Do you want any meat today, Mrs. Bird?",未做第二模型,3480,250,待逐条人工听审,,,
lesson49/audio/either.mp3,0667de3d947dd2bf27a46ef70edefc29eaf5dbd438b095ac55345c1d8103de85,lesson49 / unit49-50,either,/'aɪðə(r)/,course-catalog,初筛未提示文字差异,,只表示自动初筛没有文字差异；自然度、音色、词性变音和音标仍需人工听审。,Either.,未做第二模型,1152,250,待逐条人工听审,,,
lesson49/audio/fish.mp3,f5860e62741a01a712fc01ca1f42d4e109413e7c3eb7dd80049c7a818c9409d3,lesson49 / unit49-50,fish,/fɪʃ/,course-catalog,初筛未提示文字差异,,只表示自动初筛没有文字差异；自然度、音色、词性变音和音标仍需人工听审。,Fish.,未做第二模型,1104,270,待逐条人工听审,,,
lesson49/audio/give_me_that_piece_please_and_a_pound_of_mince_too.mp3,62290c644fd77d25855385457972707ec636af46c0170bc3d8c2435c4f4a7798,lesson49 / unit49-50,"Give me that piece, please. And a pound of mince, too.",,course-catalog,初筛未提示文字差异,,只表示自动初筛没有文字差异；自然度、音色、词性变音和音标仍需人工听审。,"Give me that piece, please, and a pound of mince, too.",未做第二模型,4728,190,待逐条人工听审,,,
lesson49/audio/he_loves_his_girlfriend_very_much.mp3,4ea374b7a4d9e2cc7f66ae4b51cc9670ba9cd155ab7aa612a0a4bde02f2c9422,lesson49,he loves his girlfriend very much,,filename-inferred,初筛未提示文字差异,,只表示自动初筛没有文字差异；自然度、音色、词性变音和音标仍需人工听审。,He loves his girlfriend very much.,未做第二模型,2928,250,待逐条人工听审,,,
lesson49/audio/he_wants_a_car.mp3,23a239ef1ca091ecd62f51af7a50fc4b635123df844d4c1ac93213e68e5a7ca1,lesson49 / unit49-50,He wants a car.,,course-catalog,初筛未提示文字差异,,只表示自动初筛没有文字差异；自然度、音色、词性变音和音标仍需人工听审。,He wants a car.,未做第二模型,1656,240,待逐条人工听审,,,
lesson49/audio/husband.mp3,7746fcc77b9bce8da17386b014b38fda7d4cf707a771316f652e569e9c78256f,lesson49 / unit49-50,husband,/'hʌzbənd/,course-catalog,初筛未提示文字差异,,只表示自动初筛没有文字差异；自然度、音色、词性变音和音标仍需人工听审。,Husband,未做第二模型,1392,230,待逐条人工听审,,,
lesson49/audio/i_like_lamb_but_my_husband_doesn_t.mp3,28c7d6d663c685075fd91a7cfffca1f8a1becce9faf65672625afde44b92f62b,lesson49 / unit49-50,"I like lamb, but my husband doesn't.",,course-catalog,初筛未提示文字差异,,只表示自动初筛没有文字差异；自然度、音色、词性变音和音标仍需人工听审。,"I like lamb, but my husband doesn't.",未做第二模型,3216,200,待逐条人工听审,,,
lesson49/audio/i_like_steak.mp3,5819776e408af7284344d560e6bd57d10d2ab52233dde36cb2d9fdb91e0ea094,lesson49 / unit49-50,I like steak.,,course-catalog,初筛未提示文字差异,,只表示自动初筛没有文字差异；自然度、音色、词性变音和音标仍需人工听审。,I like steak.,未做第二模型,1584,200,待逐条人工听审,,,
lesson49/audio/i_like_steak_too.mp3,3dee6b3a8bc6105310fb04441465a62db874aa562a5d31536258ee8a8f69f661,lesson49 / unit49-50,"I like steak, too.",,course-catalog,初筛未提示文字差异,,只表示自动初筛没有文字差异；自然度、音色、词性变音和音标仍需人工听审。,I like steak too.,未做第二模型,2616,250,待逐条人工听审,,,
lesson49/audio/instant_boiled_mutton.mp3,c4e9836f501794340b7acf920a1d5d416627518f7ea4f8499aa9148cbc1ed34d,lesson49,instant boiled mutton,,filename-inferred,初筛未提示文字差异,,只表示自动初筛没有文字差异；自然度、音色、词性变音和音标仍需人工听审。,Instant boiled mutton.,未做第二模型,2280,210,待逐条人工听审,,,
lesson49/audio/jim_and_lily_walk_to_school_every_day.mp3,82ca545da598cc6d32500e55d0858baf88f71cb48c6e116262ebba787c1a60f2,lesson49,jim and lily walk to school every day,,filename-inferred,初筛未提示文字差异,,只表示自动初筛没有文字差异；自然度、音色、词性变音和音标仍需人工听审。,Jim and Lily walk to school every day.,未做第二模型,3192,210,待逐条人工听审,,,
lesson49/audio/lamb.mp3,608000943727e547bbde7a0806c9dd84acca84d045a39824af9c4498a95a71c5,lesson49 / unit49-50,lamb,/læm/,course-catalog,初筛未提示文字差异,,只表示自动初筛没有文字差异；自然度、音色、词性变音和音标仍需人工听审。,Lamb,未做第二模型,1080,220,待逐条人工听审,,,
lesson49/audio/mutton.mp3,8624e3e3c1dabecb8b0bfc2738580294a877e9ce3877d091f1a8b480c104d7ef,lesson49 / unit49-50,mutton,/'mʌtn/,course-catalog,初筛未提示文字差异,,只表示自动初筛没有文字差异；自然度、音色、词性变音和音标仍需人工听审。,mutton,未做第二模型,1224,220,待逐条人工听审,,,
lesson49/audio/mutton_hotpot.mp3,66ed95eb62bf42eb55f63c4439a668208f93bbfc133ae76fbb07790ff0cf549c,lesson49 / unit49-50,mutton hotpot,,course-catalog,初筛未提示文字差异,,只表示自动初筛没有文字差异；自然度、音色、词性变音和音标仍需人工听审。,mutton hot pot,未做第二模型,1848,210,待逐条人工听审,,,
lesson49/audio/my_dog_watches_tv_at_night.mp3,5e82584a787c443c642a424c9a2e1362646d67761df339683515ecb593dfa7e5,lesson49,my dog watches tv at night,,filename-inferred,初筛未提示文字差异,,只表示自动初筛没有文字差异；自然度、音色、词性变音和音标仍需人工听审。,My dog watches TV at night.,未做第二模型,2856,210,待逐条人工听审,,,
lesson49/audio/no_thank_you_my_husband_likes_steak_but_he_doesn_t_like_chicken.mp3,728699b53503c31ebdcfb4113f7d01cfea8a5f2fe2da17391a2c257bbd7f192a,lesson49 / unit49-50,"No, thank you. My husband likes steak, but he doesn't like chicken.",,course-catalog,初筛未提示文字差异,,只表示自动初筛没有文字差异；自然度、音色、词性变音和音标仍需人工听审。,"No, thank you. My husband likes steak, but he doesn't like chicken.",未做第二模型,5400,200,待逐条人工听审,,,
lesson49/audio/send_him_a_postcard.mp3,2ab121cf624e0b23e9e0080e35fb5d188066fb387ad2534c31caa98ac25942ca,lesson49 / unit49-50,Send him a postcard.,,course-catalog,初筛未提示文字差异,,只表示自动初筛没有文字差异；自然度、音色、词性变音和音标仍需人工听审。,Send him a postcard.,未做第二模型,2136,210,待逐条人工听审,,,
lesson49/audio/she_likes_peaches.mp3,ad88151db8f1baba122fe9c92fd10b79523dc369a59660a098409fd6fc1e46ab,lesson49 / unit49-50,She likes peaches.,,course-catalog,初筛未提示文字差异,,只表示自动初筛没有文字差异；自然度、音色、词性变音和音标仍需人工听审。,She likes peaches.,未做第二模型,1944,210,待逐条人工听审,,,
lesson49/audio/show_me_your_ticket_please.mp3,d1501b84a196b7676974522cdbd057c110aee8ce89e9c56258e8b4650b57a330,lesson49 / unit49-50,"Show me your ticket, please.",,course-catalog,初筛未提示文字差异,,只表示自动初筛没有文字差异；自然度、音色、词性变音和音标仍需人工听审。,Show me your ticket. Please,未做第二模型,2664,210,待逐条人工听审,,,
lesson49/audio/steak.mp3,924ce17c9b87bef8b40206719bd6573704d2716fcedd4624a09cd6d6ad3f7976,lesson49 / unit49-50,steak,/steɪk/,course-catalog,初筛未提示文字差异,,只表示自动初筛没有文字差异；自然度、音色、词性变音和音标仍需人工听审。,Steak,未做第二模型,1272,220,待逐条人工听审,,,
lesson49/audio/take_her_some_flowers.mp3,20efa701b034ff47648ad3743a0b16dc074dc651aa3e740c2faeb774c6d09a90,lesson49 / unit49-50,Take her some flowers.,,course-catalog,初筛未提示文字差异,,只表示自动初筛没有文字差异；自然度、音色、词性变音和音标仍需人工听审。,Take her some flowers.,未做第二模型,2064,250,待逐条人工听审,,,
lesson49/audio/tell.mp3,0ec29081341cfa76bbf5034a9087ad6c2df62d9e094e6a17499f38c57f4f1017,lesson49 / unit49-50,tell,/tel/,course-catalog,初筛未提示文字差异,,只表示自动初筛没有文字差异；自然度、音色、词性变音和音标仍需人工听审。,Tell.,未做第二模型,1056,210,待逐条人工听审,,,
lesson49/audio/that_s_to_say.mp3,b1f98d76c55f47d911aeee5b0ca8d9ab20a9eed19672d8f13ffd3480a93b70a6,lesson49,that s to say,,filename-inferred,初筛未提示文字差异,,只表示自动初筛没有文字差异；自然度、音色、词性变音和音标仍需人工听审。,That's to say.,未做第二模型,1584,210,待逐条人工听审,,,
lesson49/audio/the_student_goes_to_school_on_foot.mp3,02d7ca975a93aecd4820b37758092cafdfe83518bd1a5c89865b4ade52a439c8,lesson49,the student goes to school on foot,,filename-inferred,初筛未提示文字差异,,只表示自动初筛没有文字差异；自然度、音色、词性变音和音标仍需人工听审。,The student goes to school on foot.,未做第二模型,2808,240,待逐条人工听审,,,
lesson49/audio/they_drink_beer_every_night.mp3,d227f699a8fa832688138e27ce24eddd8cb2ef5a83bc3b6cc3be99469dd3c0b3,lesson49,they drink beer every night,,filename-inferred,初筛未提示文字差异,,只表示自动初筛没有文字差异；自然度、音色、词性变音和音标仍需人工听审。,They drink beer every night.,未做第二模型,2352,220,待逐条人工听审,,,
lesson49/audio/this_lamb_s_very_good.mp3,1ec6af9868f7aa352b6cc8edce577082712a150b31802ae916023945363601ec,lesson49 / unit49-50,This lamb's very good.,,course-catalog,初筛未提示文字差异,,只表示自动初筛没有文字差异；自然度、音色、词性变音和音标仍需人工听审。,This lambs very good.,未做第二模型,2424,260,待逐条人工听审,,,
lesson49/audio/to_be_honest.mp3,d51f097238183831b417d0f4bb116b67c1bdb8154a72fefb10fdd84b09a03c20,lesson49 / unit49-50,To be honest,,course-catalog,初筛未提示文字差异,,只表示自动初筛没有文字差异；自然度、音色、词性变音和音标仍需人工听审。,To be honest.,未做第二模型,1608,240,待逐条人工听审,,,
lesson49/audio/to_tell_you_the_truth.mp3,97b162ee70c95cc6fca449f371c64a935552b1b32a0ccc691f9ef5fc43dced3a,lesson49 / unit49-50,To tell you the truth,,course-catalog,初筛未提示文字差异,,只表示自动初筛没有文字差异；自然度、音色、词性变音和音标仍需人工听审。,To tell you the truth,未做第二模型,1992,240,待逐条人工听审,,,
lesson49/audio/to_tell_you_the_truth_mrs_bird_i_don_t_like_chicken_either.mp3,d4aa7c4ce16354148837a69c8b070b086a89acd35a1705bc12d560dc5eccca12,lesson49 / unit49-50,"To tell you the truth, Mrs. Bird, I don't like chicken either!",,course-catalog,初筛未提示文字差异,,只表示自动初筛没有文字差异；自然度、音色、词性变音和音标仍需人工听审。,"To tell you the truth, Mrs. Bird, I don't like chicken either.",未做第二模型,4848,230,待逐条人工听审,,,
lesson49/audio/tom_is_a_student_he_works_in_the_classroom.mp3,d4ddfb0464510edc6d838f466ac03be6445ead66bb1c2e8d4d4c1eb50880e962,lesson49,tom is a student he works in the classroom,,filename-inferred,初筛未提示文字差异,,只表示自动初筛没有文字差异；自然度、音色、词性变音和音标仍需人工听审。,Tom is a student. He works in the classroom.,未做第二模型,4032,220,待逐条人工听审,,,
lesson49/audio/truth.mp3,0e055e7e3787e7c9b872a922dffd09463cc359797de89dfca14c266ab042850f,lesson49 / unit49-50,truth,/truːθ/,course-catalog,初筛未提示文字差异,,只表示自动初筛没有文字差异；自然度、音色、词性变音和音标仍需人工听审。,Truth,未做第二模型,1200,260,待逐条人工听审,,,
lesson49/audio/well.mp3,baacedab3adc7838071aa6d251be33fb96aa4099cab1750729d3f06ab5489a7a,lesson49 / unit49-50,Well,,course-catalog,初筛未提示文字差异,,只表示自动初筛没有文字差异；自然度、音色、词性变音和音标仍需人工听审。,Well...,未做第二模型,1056,210,待逐条人工听审,,,
lesson49/audio/what_about_some_steak_this_is_a_nice_piece.mp3,3de146c67cab675fbc4b60604568f4fd59e5593a4ebc0ed2e621769c8ac606d6,lesson49 / unit49-50,What about some steak? This is a nice piece.,,course-catalog,初筛未提示文字差异,,只表示自动初筛没有文字差异；自然度、音色、词性变音和音标仍需人工听审。,What about some steak? This is a nice piece.,未做第二模型,4488,240,待逐条人工听审,,,
lesson49/audio/yeah.mp3,8217de1769029503b3bf73df19846bc0a987a9d075a25d6a1b81ad1ac9be7149,lesson49 / unit49-50,Yeah,,course-catalog,初筛未提示文字差异,,只表示自动初筛没有文字差异；自然度、音色、词性变音和音标仍需人工听审。,Yeah.,未做第二模型,936,200,待逐条人工听审,,,
lesson49/audio/yes_please.mp3,6c5a2742825089d1867b0a5b7c5868ba615b714cafc1a1afcedad6d28f4118ac,lesson49 / unit49-50,"Yes, please.",,course-catalog,初筛未提示文字差异,,只表示自动初筛没有文字差异；自然度、音色、词性变音和音标仍需人工听审。,"Yes, please.",未做第二模型,1848,200,待逐条人工听审,,,
lesson50/audio/bean.mp3,1804f2ede1880f62a1109039518391564e68d5c2dbfb093a8e093b72f08fa820,lesson50 / unit49-50,bean,/biːn/,page-literal,初筛未提示文字差异,,只表示自动初筛没有文字差异；自然度、音色、词性变音和音标仍需人工听审。,Bean,未做第二模型,1776,240,待逐条人工听审,,,
lesson50/audio/beans.mp3,f5fa4f5ae066ed7774857527cd646cad77934f6c4567122e6c6ccddd8975a560,lesson50,beans,,page-literal,初筛未提示文字差异,,只表示自动初筛没有文字差异；自然度、音色、词性变音和音标仍需人工听审。,beans,未做第二模型,1776,240,待逐条人工听审,,,
lesson50/audio/cabbage.mp3,a08fc1214a992e022bfebfc2611744594da1b7fcff020e964004dae59309a246,lesson50 / unit49-50,cabbage,/ˈkæbɪdʒ/,page-literal,初筛未提示文字差异,,只表示自动初筛没有文字差异；自然度、音色、词性变音和音标仍需人工听审。,Cabbage,未做第二模型,1320,250,待逐条人工听审,,,
lesson50/audio/cabbages.mp3,bc7963b10ff73167961d52b2728af2874d806d4ec946f3db33ce7430a13372f9,lesson50,cabbages,,filename-inferred,初筛未提示文字差异,,只表示自动初筛没有文字差异；自然度、音色、词性变音和音标仍需人工听审。,Cabbages,未做第二模型,1776,240,待逐条人工听审,,,
lesson50/audio/cook.mp3,a8258b9ac13e502f4b1641b6936442ff506e7bed70b376f00a2eb74bbf578110,lesson50,cook,,page-literal,初筛未提示文字差异,,只表示自动初筛没有文字差异；自然度、音色、词性变音和音标仍需人工听审。,Cook.,未做第二模型,1776,210,待逐条人工听审,,,
lesson50/audio/cooks.mp3,b2fb2dc05688a2e9237e5aa1c5b4c6e1607a580e70ecd1e073602bf752bc008b,lesson50,cooks,,page-literal,初筛未提示文字差异,,只表示自动初筛没有文字差异；自然度、音色、词性变音和音标仍需人工听审。,Cooks.,未做第二模型,1776,210,待逐条人工听审,,,
lesson50/audio/do_they_drink_milk_every_night.mp3,a1351ee9d2dabd8f40dfc0790e3c752b47fd15327222464688fa439dfdef444d,lesson50,Do they drink milk every night?,,page-literal,初筛未提示文字差异,,只表示自动初筛没有文字差异；自然度、音色、词性变音和音标仍需人工听审。,Do they drink milk every night?,未做第二模型,2544,230,待逐条人工听审,,,
lesson50/audio/do_you_like_grapes.mp3,4b843f752ebe833541e4a40f6242fb7f944041830dac85a30aca3abc966bdabb,lesson50,Do you like grapes?,,page-literal,初筛未提示文字差异,,只表示自动初筛没有文字差异；自然度、音色、词性变音和音标仍需人工听审。,Do you like grapes?,未做第二模型,1920,230,待逐条人工听审,,,
lesson50/audio/do_you_like_grapes_yes_i_do.mp3,ce24060940ffacf7a8157e3e7b85e8820ebc2ddcf7b20fa067701c3855b3b6f9,lesson50,do you like grapes yes i do,,filename-inferred,初筛未提示文字差异,,只表示自动初筛没有文字差异；自然度、音色、词性变音和音标仍需人工听审。,"Do you like grapes? Yes, I do.",未做第二模型,3720,230,待逐条人工听审,,,
lesson50/audio/does.mp3,36a0c6bd66ad8d7f6eb17403a777a235c9cd9ec291deb3d43e8143a5730029dc,lesson50,Does,,page-literal,初筛未提示文字差异,,只表示自动初筛没有文字差异；自然度、音色、词性变音和音标仍需人工听审。,Does,未做第二模型,1104,230,待逐条人工听审,,,
lesson50/audio/does_he_like_cabbage_yes_he_does.mp3,7f0ab1e69a9e33c623c7f8b961d591637ce624338b099ac56f618af066c35554,lesson50,"Does he like cabbage? Yes, he does.",,page-literal,初筛未提示文字差异,,只表示自动初筛没有文字差异；自然度、音色、词性变音和音标仍需人工听审。,"Does he like cabbage? Yes, he does.",未做第二模型,3888,230,待逐条人工听审,,,
lesson50/audio/does_he_like_meat.mp3,9f78a44594c7cb40776e88a53ab4af0f5111f0d7850d0ea85f4f71d02265ff7b,lesson50,does he like meat,,filename-inferred,初筛未提示文字差异,,只表示自动初筛没有文字差异；自然度、音色、词性变音和音标仍需人工听审。,Does he like meat?,未做第二模型,1800,200,待逐条人工听审,,,
lesson50/audio/does_he_like_potatoes.mp3,4cb71b76f1aded05ef54b3c5f7c43a5b9a05d9622edb237e2d22dc23de05b08a,lesson50,does he like potatoes,,filename-inferred,初筛未提示文字差异,,只表示自动初筛没有文字差异；自然度、音色、词性变音和音标仍需人工听审。,Does he like potatoes?,未做第二模型,2208,250,待逐条人工听审,,,
lesson50/audio/does_he_like_tomatoes.mp3,1645fd8159d54c5b605ac82a0769ae5403a311050db3ac577b3cb99e2b3b003a,lesson50,Does he like tomatoes?,,page-literal,初筛未提示文字差异,,只表示自动初筛没有文字差异；自然度、音色、词性变音和音标仍需人工听审。,Does he like tomatoes?,未做第二模型,2160,200,待逐条人工听审,,,
lesson50/audio/does_he_like_tomatoes_yes_he_does.mp3,4d90021d24e27b3057954dc11ef3b10f48fa004c6b42aa1cc0471f2d28b568ed,lesson50,does he like tomatoes yes he does,,filename-inferred,初筛未提示文字差异,,只表示自动初筛没有文字差异；自然度、音色、词性变音和音标仍需人工听审。,"Does he like tomatoes? Yes, he does.",未做第二模型,4008,200,待逐条人工听审,,,
lesson50/audio/does_his_brother_cook_meals.mp3,e98ae072ba5ecd51725c067d0f64fc671c45e70d01a2b3c3dc1f1c1a6db8c66c,lesson50,Does his brother cook meals?,,page-literal,初筛未提示文字差异,,只表示自动初筛没有文字差异；自然度、音色、词性变音和音标仍需人工听审。,Does his brother cook meals?,未做第二模型,2496,240,待逐条人工听审,,,
lesson50/audio/does_lucy_watch_tv_in_the_evening.mp3,e8236de3fe2c5d04c5112ca8c24edf346170cc14eda3cebfa2f7f2e4bacaf32e,lesson50,Does Lucy watch TV in the evening?,,page-literal,初筛未提示文字差异,,只表示自动初筛没有文字差异；自然度、音色、词性变音和音标仍需人工听审。,Does Lucy watch TV in the evening?,未做第二模型,3048,200,待逐条人工听审,,,
lesson50/audio/does_she_like_cabbage_no_she_doesn_t.mp3,e1a4642b26912fd6b1b212d215a5629d65181127da7af1bb64724ca09225679c,lesson50,does she like cabbage no she doesn t,,filename-inferred,初筛未提示文字差异,,只表示自动初筛没有文字差异；自然度、音色、词性变音和音标仍需人工听审。,"Does she like cabbage? No, she doesn't.",未做第二模型,3960,200,待逐条人工听审,,,
lesson50/audio/does_she_like_peaches.mp3,58c5bb0e7c0c80ca898d2c912d4ee0531ec008d5f1b9926614af9236397514d5,lesson50,Does she like peaches?,,page-literal,初筛未提示文字差异,,只表示自动初筛没有文字差异；自然度、音色、词性变音和音标仍需人工听审。,Does she like peaches?,未做第二模型,2064,200,待逐条人工听审,,,
lesson50/audio/flies.mp3,47518604a4766400e6723ba75a7295935fc6dbace7e63c873b21f5a21606d3e5,lesson50,flies,,page-literal,初筛未提示文字差异,,只表示自动初筛没有文字差异；自然度、音色、词性变音和音标仍需人工听审。,Flies,未做第二模型,1776,240,待逐条人工听审,,,
lesson50/audio/fly.mp3,1d195763c8ed316883afbea35cc284c6df22180a32c253b4aa90af60038ce4ee,lesson50,fly,,page-literal,初筛未提示文字差异,,只表示自动初筛没有文字差异；自然度、音色、词性变音和音标仍需人工听审。,Fly,未做第二模型,1104,200,待逐条人工听审,,,
lesson50/audio/go.mp3,587f76e52827531854c4dda0053ddb8debbfc6757b69ba81a31adca03a35f7ac,lesson50,go,,page-literal,初筛未提示文字差异,,只表示自动初筛没有文字差异；自然度、音色、词性变音和音标仍需人工听审。,Go!,未做第二模型,1776,250,待逐条人工听审,,,
lesson50/audio/goes.mp3,32ce8374e8647321af2bc36c71fc5e59f5cf63da58efb6031e323835e7575641,lesson50,goes,,page-literal,初筛未提示文字差异,,只表示自动初筛没有文字差异；自然度、音色、词性变音和音标仍需人工听审。,goes,未做第二模型,1200,250,待逐条人工听审,,,
lesson50/audio/grape.mp3,159a52cb87f16d5b442adb9dd1fddfa0552deb4d53c0902f45ea20c37b03d47e,lesson50 / unit49-50,grape,/ɡreɪp/,page-literal,初筛未提示文字差异,,只表示自动初筛没有文字差异；自然度、音色、词性变音和音标仍需人工听审。,Grape,未做第二模型,1776,210,待逐条人工听审,,,
lesson50/audio/grapes.mp3,41c8f06960583c64b5158f09b8adf14192c5df23c931cefb83c3de91200a83c2,lesson50,grapes,,page-literal,初筛未提示文字差异,,只表示自动初筛没有文字差异；自然度、音色、词性变音和音标仍需人工听审。,grapes,未做第二模型,1776,210,待逐条人工听审,,,
lesson50/audio/has.mp3,01422fb17e11ff2a381a92069400cfbee18b78b1a6b6c9f83d5b5b9ba6242b9c,lesson50,has,,page-literal,初筛未提示文字差异,,只表示自动初筛没有文字差异；自然度、音色、词性变音和音标仍需人工听审。,has,未做第二模型,1776,210,待逐条人工听审,,,
lesson50/audio/have.mp3,9e1a7fea32b0ab025f1debde3e8f727c0546c551a583cb5e30c9e22a704a339d,lesson50,have,,page-literal,初筛未提示文字差异,,只表示自动初筛没有文字差异；自然度、音色、词性变音和音标仍需人工听审。,have,未做第二模型,1776,230,待逐条人工听审,,,
lesson50/audio/he_doesn_t_like_beans.mp3,adf65c200b47d937f55a8d8120aabbcdb4a1c91e0b4f2e3626fc1a82dfdede74,lesson50,He doesn't like beans.,,page-literal,初筛未提示文字差异,,只表示自动初筛没有文字差异；自然度、音色、词性变音和音标仍需人工听审。,He doesn't like beans.,未做第二模型,2064,240,待逐条人工听审,,,
lesson50/audio/he_doesn_t_like_lettuce.mp3,ce62f2e2f494a4e043672b322af8fc269d8ae06a1b68865cbcea71db916aee9c,lesson50,He doesn't like lettuce.,,page-literal,初筛未提示文字差异,,只表示自动初筛没有文字差异；自然度、音色、词性变音和音标仍需人工听审。,He doesn't like lettuce.,未做第二模型,2160,240,待逐条人工听审,,,
lesson50/audio/he_doesn_t_like_meat.mp3,23c994ff6bb4f93bebe9a85c828226c2e6d46f96139e3e9cf2e4dc37d2e31089,lesson50,He doesn't like meat.,,page-literal,初筛未提示文字差异,,只表示自动初筛没有文字差异；自然度、音色、词性变音和音标仍需人工听审。,He doesn't like meat.,未做第二模型,1992,240,待逐条人工听审,,,
lesson50/audio/he_doesn_t_like_potatoes.mp3,dee4146d8cb55cfb54e23b5e951968c64bbe99ad6cb109296922cfa0034cb9c1,lesson50,He doesn't like potatoes.,,page-literal,初筛未提示文字差异,,只表示自动初筛没有文字差异；自然度、音色、词性变音和音标仍需人工听审。,He doesn't like potatoes.,未做第二模型,2328,240,待逐条人工听审,,,
lesson50/audio/he_is_thin.mp3,af215c5a6c6fbee1d78f515eba610ee6eb44812bd751636ce4a4d54599aad5c7,lesson50,He is thin.,,page-literal,初筛未提示文字差异,,只表示自动初筛没有文字差异；自然度、音色、词性变音和音标仍需人工听审。,He is thin.,未做第二模型,1776,250,待逐条人工听审,,,
lesson50/audio/he_likes_beef.mp3,7935ddb7c43a48034ca92528f61e08e532c675cff437500703f97c2b9274a76c,lesson50,he likes beef,,filename-inferred,初筛未提示文字差异,,只表示自动初筛没有文字差异；自然度、音色、词性变音和音标仍需人工听审。,He likes beef.,未做第二模型,1776,250,待逐条人工听审,,,
lesson50/audio/he_likes_cabbage.mp3,dfc34d0fb3f06ff8d1159999dcaa361e6e6ac3d7832b7aafc68909126eed99ee,lesson50,He likes cabbage.,,page-literal,初筛未提示文字差异,,只表示自动初筛没有文字差异；自然度、音色、词性变音和音标仍需人工听审。,He likes cabbage.,未做第二模型,1848,260,待逐条人工听审,,,
lesson50/audio/he_likes_meat.mp3,93861cc06146148f22d0274561aaa6355e584b3ee0e87dee9a7b147e53bededf,lesson50,He likes meat.,,page-literal,初筛未提示文字差异,,只表示自动初筛没有文字差异；自然度、音色、词性变音和音标仍需人工听审。,He likes meat.,未做第二模型,1776,250,待逐条人工听审,,,
lesson50/audio/he_likes_peaches.mp3,584eddc715a99cdb1ab67a0cdf4465b9775ca70c2042908620a7e6b156712405,lesson50,He likes peaches.,,page-literal,初筛未提示文字差异,,只表示自动初筛没有文字差异；自然度、音色、词性变音和音标仍需人工听审。,He likes peaches.,未做第二模型,1896,240,待逐条人工听审,,,
lesson50/audio/he_likes_peas.mp3,aecb2f4fac62c0952256c60fe5292fe0c3e9c6b45d2edf1152beb9365a056e76,lesson50,He likes peas.,,page-literal,初筛未提示文字差异,,只表示自动初筛没有文字差异；自然度、音色、词性变音和音标仍需人工听审。,He likes peas.,未做第二模型,1776,240,待逐条人工听审,,,
lesson50/audio/he_likes_tomatoes.mp3,32a24c29cc826fff44d5f42bbdcd67ba9a1511869d2221adeebd70fc622bdaaf,lesson50,He likes tomatoes.,,page-literal,初筛未提示文字差异,,只表示自动初筛没有文字差异；自然度、音色、词性变音和音标仍需人工听审。,He likes tomatoes.,未做第二模型,2016,240,待逐条人工听审,,,
lesson50/audio/he_likes_tomatoes_but_he_doesn_t_like_potatoes.mp3,13c6732526c9bd79d1799567256c6384cd7916e0f7ca7104a0de0f58d7c85edf,lesson50,"He likes tomatoes, but he doesn't like potatoes.",,page-literal,初筛未提示文字差异,,只表示自动初筛没有文字差异；自然度、音色、词性变音和音标仍需人工听审。,"He likes tomatoes, but he doesn't like potatoes.",未做第二模型,4080,250,待逐条人工听审,,,
lesson50/audio/his_brother_cooks_meals.mp3,db71e6849496b0eb38823e881b113a3a43de160ce5fa6a697e63f0b1644de814,lesson50,His brother cooks meals.,,page-literal,初筛未提示文字差异,,只表示自动初筛没有文字差异；自然度、音色、词性变音和音标仍需人工听审。,His brother cooks meals.,未做第二模型,2280,240,待逐条人工听审,,,
lesson50/audio/i_am_busy.mp3,d704df3821b09233164c0d14f9aa15aca663b7454906529c19fd41f69ac2cbb8,lesson50,I am busy.,,page-literal,初筛未提示文字差异,,只表示自动初筛没有文字差异；自然度、音色、词性变音和音标仍需人工听审。,I am busy,未做第二模型,1776,210,待逐条人工听审,,,
lesson50/audio/i_like_peas_but_i_don_t_like_beans.mp3,86e5ff05ef24037b337283aeeae19750135bc293939ff649443d47d5c6aa5d48,lesson50,"I like peas, but I don't like beans.",,page-literal,初筛未提示文字差异,,只表示自动初筛没有文字差异；自然度、音色、词性变音和音标仍需人工听审。,"I like peas, but I don't like beans.",未做第二模型,3288,210,待逐条人工听审,,,
lesson50/audio/i_sleep_well_every_day.mp3,f17cf6885af4598de1d3ea9134fe14cb80967ce5ad306d7f81b240bcc93339d6,lesson50,i sleep well every day,,filename-inferred,初筛未提示文字差异,,只表示自动初筛没有文字差异；自然度、音色、词性变音和音标仍需人工听审。,I sleep well every day.,未做第二模型,2304,210,待逐条人工听审,,,
lesson50/audio/i_want_some_meat.mp3,f19b84eb2ea9fd086474d26dc19da1563f0c0cd932c2291bea00a572fd944300,lesson50,i want some meat,,filename-inferred,初筛未提示文字差异,,只表示自动初筛没有文字差异；自然度、音色、词性变音和音标仍需人工听审。,I want some meat.,未做第二模型,1776,210,待逐条人工听审,,,
lesson50/audio/jim_and_lily_walk_to_school_every_day.mp3,9e0b1d9a51220fad534f9b5c80fc59281f0b92a3bd3b0e7011037efcc62d1c1b,lesson50,Jim and Lily walk to school every day.,,page-literal,初筛未提示文字差异,,只表示自动初筛没有文字差异；自然度、音色、词性变音和音标仍需人工听审。,Jim and Lily walk to school every day.,未做第二模型,3192,210,待逐条人工听审,,,
lesson50/audio/let_s_learn_about_likes_and_dislikes.mp3,93e9d01f5223ffff7a04cf97a2c86ac859bd09a1cbb9e7a6b3bea96f3152537f,lesson50,let s learn about likes and dislikes,,filename-inferred,初筛未提示文字差异,,只表示自动初筛没有文字差异；自然度、音色、词性变音和音标仍需人工听审。,Let's learn about likes and dislikes.,未做第二模型,2976,200,待逐条人工听审,,,
lesson50/audio/like.mp3,dad90fb509c697b2d8642da1883ce6255c29263e36ddbfb4da941d8eac204bad,lesson50,like,,page-literal,初筛未提示文字差异,,只表示自动初筛没有文字差异；自然度、音色、词性变音和音标仍需人工听审。,Like,未做第二模型,1776,210,待逐条人工听审,,,
lesson50/audio/likes.mp3,562883537fa4a2867463cd18eca6d465b5b5caf4144f4f753747e0676b99c8db,lesson50,likes,,page-literal,初筛未提示文字差异,,只表示自动初筛没有文字差异；自然度、音色、词性变音和音标仍需人工听审。,likes,未做第二模型,1776,220,待逐条人工听审,,,
lesson50/audio/lucy_doesn_t_watch_tv_in_the_evening.mp3,896875f6604390b0db2435af9dff8163357d487e8f063e5aa2853565216a8ce7,lesson50,lucy doesn t watch tv in the evening,,filename-inferred,初筛未提示文字差异,,只表示自动初筛没有文字差异；自然度、音色、词性变音和音标仍需人工听审。,Lucy doesn't watch TV in the evening.,未做第二模型,3144,200,待逐条人工听审,,,
lesson50/audio/lucy_watches_tv_in_the_evening.mp3,d4cdecb5134131a174bc654d11235bc47d7a59b7796298c78b8d55dd3c6c2c52,lesson50,Lucy watches TV in the evening.,,page-literal,初筛未提示文字差异,,只表示自动初筛没有文字差异；自然度、音色、词性变音和音标仍需人工听审。,Lucy watches TV in the evening.,未做第二模型,3120,210,待逐条人工听审,,,
lesson50/audio/my_dog_watches_tv_at_night.mp3,c98f3dc4240b204f2d0f690fa4bfdec87343aa8a34bfdb54c1f02ebe7323cede,lesson50,My dog watches TV at night.,,page-literal,初筛未提示文字差异,,只表示自动初筛没有文字差异；自然度、音色、词性变音和音标仍需人工听审。,My dog watches TV at night.,未做第二模型,2856,210,待逐条人工听审,,,
lesson50/audio/my_teacher_is_tall.mp3,c6d57d0b6352e3737bcd1f9a2f0289ab4668b4d8b95d006d956ea12d9bffad1b,lesson50,my teacher is tall,,filename-inferred,初筛未提示文字差异,,只表示自动初筛没有文字差异；自然度、音色、词性变音和音标仍需人工听审。,My teacher is tall.,未做第二模型,2064,260,待逐条人工听审,,,
lesson50/audio/no_he_doesn_t.mp3,73504ee22e68ee01260ed9b8df181e58eea1088b7fb0385b6e728fcfd2da2f63,lesson50,"No, he doesn't.",,page-literal,初筛未提示文字差异,,只表示自动初筛没有文字差异；自然度、音色、词性变音和音标仍需人工听审。,"No, he doesn't.",未做第二模型,2064,220,待逐条人工听审,,,
lesson50/audio/no_i_don_t.mp3,221ad6a978428602839f0c85729b79211b7371589c1d390402ed66929d07261d,lesson50,"No, I don't.",,page-literal,初筛未提示文字差异,,只表示自动初筛没有文字差异；自然度、音色、词性变音和音标仍需人工听审。,"No, I don't.",未做第二模型,1944,200,待逐条人工听审,,,
lesson50/audio/no_she_doesn_t.mp3,abc7f7588fb01b7654a294e827c97de3b31be5322cdf163f14ed959aea73009b,lesson50,"No, she doesn't.",,page-literal,初筛未提示文字差异,,只表示自动初筛没有文字差异；自然度、音色、词性变音和音标仍需人工听审。,"No, she doesn't.",未做第二模型,2064,210,待逐条人工听审,,,
lesson50/audio/peach.mp3,f62db65ae76bd9737ba6a0ee615fa8b03762d66cdb5295d34d45b7a67740b728,lesson50 / unit49-50,peach,/piːtʃ/,page-literal,初筛未提示文字差异,,只表示自动初筛没有文字差异；自然度、音色、词性变音和音标仍需人工听审。,Peach.,未做第二模型,1776,230,待逐条人工听审,,,
lesson50/audio/peaches.mp3,0704667e470281596b5aaa4cc019e0fa6a9f18c6a62358fab9878c63c86cb6c3,lesson50,peaches,,page-literal,初筛未提示文字差异,,只表示自动初筛没有文字差异；自然度、音色、词性变音和音标仍需人工听审。,Peaches,未做第二模型,1776,230,待逐条人工听审,,,
lesson50/audio/play.mp3,a5e8527f5ac7b3e692710a54eea2e40eee8d72fa2bf57b380d4cc5230d1b1c5b,lesson50,play,,page-literal,初筛未提示文字差异,,只表示自动初筛没有文字差异；自然度、音色、词性变音和音标仍需人工听审。,Play.,未做第二模型,1776,230,待逐条人工听审,,,
lesson50/audio/potato.mp3,164b21650bcb21cd56db13a425984c759579961a2f1dae58f2e8a8344ca7f1e4,lesson50 / unit49-50,potato,/pəˈteɪtəʊ/,page-literal,初筛未提示文字差异,,只表示自动初筛没有文字差异；自然度、音色、词性变音和音标仍需人工听审。,potato,未做第二模型,1776,250,待逐条人工听审,,,
lesson50/audio/potatoes.mp3,99ff3c07c50b11ee244e24f2f8c4416ebb745f07512f001b25c4d12c1cc10f87,lesson50,potatoes,,page-literal,初筛未提示文字差异,,只表示自动初筛没有文字差异；自然度、音色、词性变音和音标仍需人工听审。,Potatoes,未做第二模型,1776,260,待逐条人工听审,,,
lesson50/audio/she_can_draw_well.mp3,a05d5d0779d901897896a3b61a1089103428a8780e2fdb3519c1ac922d7c5d90,lesson50,she can draw well,,filename-inferred,初筛未提示文字差异,,只表示自动初筛没有文字差异；自然度、音色、词性变音和音标仍需人工听审。,She can draw well.,未做第二模型,1896,210,待逐条人工听审,,,
lesson50/audio/she_doesn_t_like_peaches.mp3,88a3666ce7133fff148e9aa93758d842d413974405618e0226a595d573975536,lesson50,She doesn't like peaches.,,page-literal,初筛未提示文字差异,,只表示自动初筛没有文字差异；自然度、音色、词性变音和音标仍需人工听审。,She doesn't like peaches.,未做第二模型,2232,210,待逐条人工听审,,,
lesson50/audio/she_doesn_t_like_pears.mp3,9a3fff962940b0cc7b15507f296fa4312accd53f2cf04f94f7238cb9dbbb21fe,lesson50,She doesn't like pears.,,page-literal,初筛未提示文字差异,,只表示自动初筛没有文字差异；自然度、音色、词性变音和音标仍需人工听审。,She doesn't like pears.,未做第二模型,2112,210,待逐条人工听审,,,
lesson50/audio/she_is_pretty.mp3,4febde8d11a5a7d5aa1f6abafd034522a8436c60f45c6b7e9ed7fa1b5da01622,lesson50,She is pretty.,,page-literal,初筛未提示文字差异,,只表示自动初筛没有文字差异；自然度、音色、词性变音和音标仍需人工听审。,She is pretty.,未做第二模型,1776,210,待逐条人工听审,,,
lesson50/audio/she_likes_grapes.mp3,fc3aa93f762d91f7a73a7ffe0d875dd963ac19c20f122d54a9236a85a78eb0aa,lesson50,She likes grapes.,,page-literal,初筛未提示文字差异,,只表示自动初筛没有文字差异；自然度、音色、词性变音和音标仍需人工听审。,She likes grapes.,未做第二模型,1920,210,待逐条人工听审,,,
lesson50/audio/she_likes_pears.mp3,e44aa8cda89385b3a7c265a8692795e6fcff0775bde7da59634985067bb6a3e2,lesson50,She likes pears.,,page-literal,初筛未提示文字差异,,只表示自动初筛没有文字差异；自然度、音色、词性变音和音标仍需人工听审。,She likes pears.,未做第二模型,1872,210,待逐条人工听审,,,
lesson50/audio/she_likes_pears_but_she_doesn_t_like_peaches.mp3,a38adc1884a54b16fa7e2e4734cc4b291daf382c89f3dec33c4126791d09e865,lesson50,"She likes pears, but she doesn't like peaches.",,page-literal,初筛未提示文字差异,,只表示自动初筛没有文字差异；自然度、音色、词性变音和音标仍需人工听审。,"She likes pears, but she doesn't like peaches.",未做第二模型,3744,210,待逐条人工听审,,,
lesson50/audio/studies.mp3,27b5c39991c237f1f0739df6d64804b24ff4c324d79d5673aac380d7a4e5aded,lesson50,studies,,page-literal,初筛未提示文字差异,,只表示自动初筛没有文字差异；自然度、音色、词性变音和音标仍需人工听审。,Studies,未做第二模型,1776,220,待逐条人工听审,,,
lesson50/audio/study.mp3,f2167c22db52bed5838a8f6e9b7c1d7cb487a06ac9ff72a202c0a247d0bcc3b1,lesson50,study,,page-literal,初筛未提示文字差异,,只表示自动初筛没有文字差异；自然度、音色、词性变音和音标仍需人工听审。,Study,未做第二模型,1776,220,待逐条人工听审,,,
lesson50/audio/teach.mp3,7da6c39d0cb6ccc84d2743fa35709ae85f3b1cdc7f9673879a44ec0a846476a7,lesson50,teach,,page-literal,初筛未提示文字差异,,只表示自动初筛没有文字差异；自然度、音色、词性变音和音标仍需人工听审。,Teach.,未做第二模型,1128,200,待逐条人工听审,,,
lesson50/audio/the_earth_moves_around_the_sun.mp3,7f87b16fc16089526c73225647241732f850cd336c37e5a6e4a229402bf48fe7,lesson50,The earth moves around the sun.,,page-literal,初筛未提示文字差异,,只表示自动初筛没有文字差异；自然度、音色、词性变音和音标仍需人工听审。,The Earth moves around the Sun.,未做第二模型,2496,220,待逐条人工听审,,,
lesson50/audio/the_students_go_to_school_on_foot.mp3,73817c8f621a33a76f88acd95b57766cff45e9ef1ba5c08cd2965cafcb6c5465,lesson50,The students go to school on foot.,,page-literal,初筛未提示文字差异,,只表示自动初筛没有文字差异；自然度、音色、词性变音和音标仍需人工听审。,The students go to school on foot.,未做第二模型,2760,240,待逐条人工听审,,,
lesson50/audio/the_sun_rises_in_the_east_and_sets_in_the_west.mp3,80692fcce78378fa26a8f65029a461cb928c9a68acd6a57d2ebd89063bb99d01,lesson50,The sun rises in the east and sets in the west.,,page-literal,初筛未提示文字差异,,只表示自动初筛没有文字差异；自然度、音色、词性变音和音标仍需人工听审。,The sun rises in the east and sets in the west.,未做第二模型,3744,220,待逐条人工听审,,,
lesson50/audio/they_are_ducks.mp3,3dbe9752438d184fa62a67912223a5cb4ad287fff407987e42f9e9bcedc30192,lesson50,They are ducks.,,page-literal,初筛未提示文字差异,,只表示自动初筛没有文字差异；自然度、音色、词性变音和音标仍需人工听审。,They are ducks.,未做第二模型,1536,210,待逐条人工听审,,,
lesson50/audio/they_are_thirsty_and_tired.mp3,85f9faa34ca67e10258db881f1e341070519c62daf5278a2c2fcd15babf7c769,lesson50,they are thirsty and tired,,filename-inferred,初筛未提示文字差异,,只表示自动初筛没有文字差异；自然度、音色、词性变音和音标仍需人工听审。,They are thirsty and tired.,未做第二模型,2304,220,待逐条人工听审,,,
lesson50/audio/they_are_working_hard.mp3,b475d072fc3802bd92de8e8cebd35ae34622970beda12062650940590bf80e6f,lesson50,they are working hard,,filename-inferred,初筛未提示文字差异,,只表示自动初筛没有文字差异；自然度、音色、词性变音和音标仍需人工听审。,They are working hard.,未做第二模型,1944,220,待逐条人工听审,,,
lesson50/audio/they_don_t_drink_milk_every_night.mp3,b5ec4934133ea9298b428b52eec891d40c1c958804398639dc8040f5e0e6d694,lesson50,they don t drink milk every night,,filename-inferred,初筛未提示文字差异,,只表示自动初筛没有文字差异；自然度、音色、词性变音和音标仍需人工听审。,They don't drink milk every night.,未做第二模型,2592,230,待逐条人工听审,,,
lesson50/audio/they_drink_milk_every_night.mp3,86a041dc3a2b8124130d31b72c4c09cfde632d78398100ddf19db2b365fa5162,lesson50,They drink milk every night.,,page-literal,初筛未提示文字差异,,只表示自动初筛没有文字差异；自然度、音色、词性变音和音标仍需人工听审。,They drink milk every night.,未做第二模型,2376,230,待逐条人工听审,,,
lesson50/audio/tomato.mp3,abe45f0842117c8104c3acbd4890695dae68e7bb84172506723314b29b1e46e7,lesson50 / unit49-50,tomato,/təˈmɑːtəʊ/,page-literal,初筛未提示文字差异,,只表示自动初筛没有文字差异；自然度、音色、词性变音和音标仍需人工听审。,Tomato,未做第二模型,1776,240,待逐条人工听审,,,
lesson50/audio/tomatoes.mp3,e788b0721a5c7fa674cec0f7a3b80083eb9407f4b5819fae55153ee80f89e8c8,lesson50,tomatoes,,page-literal,初筛未提示文字差异,,只表示自动初筛没有文字差异；自然度、音色、词性变音和音标仍需人工听审。,Tomatoes,未做第二模型,1776,240,待逐条人工听审,,,
lesson50/audio/wash.mp3,16284a327ad45d5b0f43d30389a476cb12e7e1cd3fea61b5304697e63f4d4681,lesson50,wash,,page-literal,初筛未提示文字差异,,只表示自动初筛没有文字差异；自然度、音色、词性变音和音标仍需人工听审。,Wash.,未做第二模型,1776,210,待逐条人工听审,,,
lesson50/audio/washes.mp3,e22bb16793068d4885c7237c86f2716561fcb7aba8e4ec8b6fee1754e36f818f,lesson50,washes,,page-literal,初筛未提示文字差异,,只表示自动初筛没有文字差异；自然度、音色、词性变音和音标仍需人工听审。,washes,未做第二模型,1776,260,待逐条人工听审,,,
lesson50/audio/watch.mp3,1196e4fe72fcc26d53f0b3f65bf308517ac98540fed6c075e2285e81b4a48fd9,lesson50,watch,,page-literal,初筛未提示文字差异,,只表示自动初筛没有文字差异；自然度、音色、词性变音和音标仍需人工听审。,Watch.,未做第二模型,1776,220,待逐条人工听审,,,
lesson50/audio/watches.mp3,8adf5bb471aa2ad28cbb202d08ab52529ef1586665c10d73bc2e56f3bb2bd0b9,lesson50,watches,,page-literal,初筛未提示文字差异,,只表示自动初筛没有文字差异；自然度、音色、词性变音和音标仍需人工听审。,Watches,未做第二模型,1776,220,待逐条人工听审,,,
lesson50/audio/welcome_to_the_picky_prince_adventure.mp3,1325ed1e9b8b66d488d94ed6be0135bb6a6d5302a0968d4dda9530d435a5cb2c,lesson50,Welcome to the Picky Prince adventure!,,page-literal,初筛未提示文字差异,,只表示自动初筛没有文字差异；自然度、音色、词性变音和音标仍需人工听审。,Welcome to the Picky Prince Adventure.,未做第二模型,2856,210,待逐条人工听审,,,
lesson50/audio/yes_he_does.mp3,24dae181ce0ac038bad9dc464524305c9296d2ccc8507e4d094d2338311662a1,lesson50,"Yes, he does.",,page-literal,初筛未提示文字差异,,只表示自动初筛没有文字差异；自然度、音色、词性变音和音标仍需人工听审。,"Yes, he does.",未做第二模型,1968,210,待逐条人工听审,,,
lesson50/audio/yes_i_do.mp3,1bc5168549b20d60e6aa2fce940cbffa0eb05d1b9addffe243586c76c6b813a4,lesson50,"Yes, I do.",,page-literal,初筛未提示文字差异,,只表示自动初筛没有文字差异；自然度、音色、词性变音和音标仍需人工听审。,"Yes, I do.",未做第二模型,1944,250,待逐条人工听审,,,
lesson50/audio/yes_she_does.mp3,b227ec42216eb5276d9d8b0d4b6383512bea69c40502e053f825ea0781c3f585,lesson50,"Yes, she does.",,page-literal,初筛未提示文字差异,,只表示自动初筛没有文字差异；自然度、音色、词性变音和音标仍需人工听审。,"Yes, she does.",未做第二模型,2040,220,待逐条人工听审,,,
lesson51/audio/april.mp3,3e1b0a9a3dc85d6b9921f167eb44a24a7dae9ea856d17a44559ce944c6cdb6a2,lesson51,April,,page-literal,初筛未提示文字差异,,只表示自动初筛没有文字差异；自然度、音色、词性变音和音标仍需人工听审。,April,未做第二模型,1776,190,待逐条人工听审,,,
lesson51/audio/august.mp3,6246e4c42a90f5ab827612df5360b39196f038c0e5ba1329e4a13a886acbf3e2,lesson51,August,,page-literal,初筛未提示文字差异,,只表示自动初筛没有文字差异；自然度、音色、词性变音和音标仍需人工听审。,August,未做第二模型,1776,250,待逐条人工听审,,,
lesson51/audio/autumn.mp3,bc1fc5ca16aa3657e5177a0f550328a524b53953910ace0f0fcf0e7d1589ec54,lesson51,autumn,,page-literal,初筛未提示文字差异,,只表示自动初筛没有文字差异；自然度、音色、词性变音和音标仍需人工听审。,Autumn,未做第二模型,1776,210,待逐条人工听审,,,
lesson51/audio/climate.mp3,a4720274acf6fee54d195fd5c555ac8fa7442526c7c1ea4ed33347b5d85b1a63,lesson51,climate,,page-literal,初筛未提示文字差异,,只表示自动初筛没有文字差异；自然度、音色、词性变音和音标仍需人工听审。,Climate,未做第二模型,1776,240,待逐条人工听审,,,
lesson51/audio/country.mp3,b4b3a3f0a2a01a6643e803776acee720e46be3827a2b465fd7dd6dc41b5246eb,lesson51,country,,page-literal,初筛未提示文字差异,,只表示自动初筛没有文字差异；自然度、音色、词性变音和音标仍需人工听审。,country,未做第二模型,1776,200,待逐条人工听审,,,
lesson51/audio/december.mp3,6bf8acc9e73395230f78fb2611b6ad0de805a3a8bc93b29b44783212fef5ab2f,lesson51,December,,page-literal,初筛未提示文字差异,,只表示自动初筛没有文字差异；自然度、音色、词性变音和音标仍需人工听审。,December,未做第二模型,1776,250,待逐条人工听审,,,
lesson51/audio/february.mp3,5d4151de4d6ed80a736aead350045215d179bca8c1d873ea216ee1a950e97280,lesson51,February,,page-literal,初筛未提示文字差异,,只表示自动初筛没有文字差异；自然度、音色、词性变音和音标仍需人工听审。,February,未做第二模型,1776,250,待逐条人工听审,,,
lesson51/audio/greece.mp3,e11df5c62e15fd7fa9a44a256411f0b583879af1486d5b9a2a8e4f9f0f7c9bfa,lesson51,Greece,,page-literal,初筛未提示文字差异,,只表示自动初筛没有文字差异；自然度、音色、词性变音和音标仍需人工听审。,Greece,未做第二模型,1776,250,待逐条人工听审,,,
lesson51/audio/i_come_from_greece.mp3,1bb05d80747e2346fead6af0e20b677bd5c63422757b1e7cc74ed52c9b64d98a,lesson51,I come from Greece.,,page-literal,初筛未提示文字差异,,只表示自动初筛没有文字差异；自然度、音色、词性变音和音标仍需人工听审。,I come from Greece.,未做第二模型,2304,240,待逐条人工听审,,,
lesson51/audio/is_it_cold_or_warm_in_autumn.mp3,c491e2981c68c628af0687c4de41f61545b6619e7831f7e39200e5a398610c61,lesson51,Is it cold or warm in autumn?,,page-literal,初筛未提示文字差异,,只表示自动初筛没有文字差异；自然度、音色、词性变音和音标仍需人工听审。,Is it cold or warm in autumn?,未做第二模型,3360,300,待逐条人工听审,,,
lesson51/audio/is_it_very_cold_in_winter.mp3,2024063e15a809a50fcc8bb64b00293cf54f9bc0c89077b9df5fcfe599a82926,lesson51,Is it very cold in winter?,,page-literal,初筛未提示文字差异,,只表示自动初筛没有文字差异；自然度、音色、词性变音和音标仍需人工听审。,Is it very cold in winter?,未做第二模型,3096,310,待逐条人工听审,,,
lesson51/audio/it_rains_sometimes.mp3,827bfdf6651a1b9f8c0fd12625d5b699a91ef4b19c40505cee8cee5ccbefe33e,lesson51,It rains sometimes.,,page-literal,初筛未提示文字差异,,只表示自动初筛没有文字差异；自然度、音色、词性变音和音标仍需人工听审。,It rains sometimes.,未做第二模型,1968,200,待逐条人工听审,,,
lesson51/audio/it_s_always_hot_in_june_july_and_august.mp3,d52fb05c8ac4056375526a35a201d7698043e2e316cd1092fda83c68ec2059b2,lesson51,"It's always hot in June, July and August.",,page-literal,初筛未提示文字差异,,只表示自动初筛没有文字差异；自然度、音色、词性变音和音标仍需人工听审。,"It's always hot in June, July and August.",未做第二模型,4704,240,待逐条人工听审,,,
lesson51/audio/it_s_always_warm_in_april_and_may_but_it_rains_sometimes.mp3,0e9117dd4df830c91013babb2761df3802d9b541b4c066fdc2cd751c84d7f324,lesson51,"It's always warm in April and May, but it rains sometimes.",,page-literal,初筛未提示文字差异,,只表示自动初筛没有文字差异；自然度、音色、词性变音和音标仍需人工听审。,"It's always warm in April and May, but it rains sometimes.",未做第二模型,5304,240,待逐条人工听审,,,
lesson51/audio/it_s_always_warm_in_september_and_october.mp3,a7ea00dadf0a7fcfaa1547a2bb85130ec5279bcd2894231db77aa1b68103b35d,lesson51,It's always warm in September and October.,,page-literal,初筛未提示文字差异,,只表示自动初筛没有文字差异；自然度、音色、词性变音和音标仍需人工听审。,It's always warm in September and October.,未做第二模型,4056,240,待逐条人工听审,,,
lesson51/audio/it_s_often_cold_in_december_january_and_february.mp3,a1b1d8c389c98639d0103de13fb168b10f3fca464e239ff63309938756e23b1a,lesson51,"It's often cold in December, January and February.",,page-literal,初筛未提示文字差异,,只表示自动初筛没有文字差异；自然度、音色、词性变音和音标仍需人工听审。,"It's often cold in December, January and February.",未做第二模型,5088,240,待逐条人工听审,,,
lesson51/audio/it_s_often_cold_in_november_and_it_rains_sometimes.mp3,bd69d7219b4df61f26c341185d6d9676f4a00d70f2c3b40764923bb8739a414c,lesson51,It's often cold in November and it rains sometimes.,,page-literal,初筛未提示文字差异,,只表示自动初筛没有文字差异；自然度、音色、词性变音和音标仍需人工听审。,It's often cold in November and it rains sometimes.,未做第二模型,4704,240,待逐条人工听审,,,
lesson51/audio/it_s_often_windy_in_march.mp3,e88344d680846d5d22eca69ea867343daf8f275254799d3369ad3584f0a307f0,lesson51,It's often windy in March.,,page-literal,初筛未提示文字差异,,只表示自动初筛没有文字差异；自然度、音色、词性变音和音标仍需人工听审。,It's often windy in March.,未做第二模型,2832,240,待逐条人工听审,,,
lesson51/audio/it_s_very_pleasant.mp3,494e33c1976b6e2735183b333dfa893e44e5048341862fb5a0ab18445d19181b,lesson51,It's very pleasant.,,page-literal,初筛未提示文字差异,,只表示自动初筛没有文字差异；自然度、音色、词性变音和音标仍需人工听审。,It's very pleasant.,未做第二模型,2328,250,待逐条人工听审,,,
lesson51/audio/its_always_hot_in_july.mp3,69378ceeec28309d6747c022e5635cdff7651bf54272c2864f6b698053a2eb60,lesson51,its always hot in july,,filename-inferred,初筛未提示文字差异,,只表示自动初筛没有文字差异；自然度、音色、词性变音和音标仍需人工听审。,It's always hot in July.,未做第二模型,2160,200,待逐条人工听审,,,
lesson51/audio/its_often_cold_in_november.mp3,4e3f5dcd3b6873b54c39aa4c49b481d3d8bb8ee2db2fd173874872807ea04890,lesson51,its often cold in november,,filename-inferred,初筛未提示文字差异,,只表示自动初筛没有文字差异；自然度、音色、词性变音和音标仍需人工听审。,It's often cold in November.,未做第二模型,2376,200,待逐条人工听审,,,
lesson51/audio/january.mp3,03d8dc2bba2cc015bdcd51ae8f67bd22cf6f5bc337a24ba7d028da416a97fc3a,lesson51,January,,page-literal,初筛未提示文字差异,,只表示自动初筛没有文字差异；自然度、音色、词性变音和音标仍需人工听审。,January,未做第二模型,1776,220,待逐条人工听审,,,
lesson51/audio/july.mp3,f87e657a5b57d8d6f28e1010b90b87db3c94517da0c15e93c0b18f7336093fbb,lesson51,July,,page-literal,初筛未提示文字差异,,只表示自动初筛没有文字差异；自然度、音色、词性变音和音标仍需人工听审。,July,未做第二模型,1776,200,待逐条人工听审,,,
lesson51/audio/june.mp3,66296c62c0560d3fe5b748a4e05868ad9bc4d0c14d11b6fb01b2059d4947702a,lesson51,June,,page-literal,初筛未提示文字差异,,只表示自动初筛没有文字差异；自然度、音色、词性变音和音标仍需人工听审。,June.,未做第二模型,1776,200,待逐条人工听审,,,
lesson51/audio/march.mp3,e2eceb711c2376beaf295b02482d3e6d537419932509d7d71d49888fe96c1ef7,lesson51,March,,page-literal,初筛未提示文字差异,,只表示自动初筛没有文字差异；自然度、音色、词性变音和音标仍需人工听审。,March.,未做第二模型,1776,190,待逐条人工听审,,,
lesson51/audio/may.mp3,411dd00e6bfba370306a66f401c9367ccb7a4f38fc693156344a4d78989972cf,lesson51,May,,page-literal,初筛未提示文字差异,,只表示自动初筛没有文字差异；自然度、音色、词性变音和音标仍需人工听审。,May,未做第二模型,1776,230,待逐条人工听审,,,
lesson51/audio/november.mp3,4dfe820d40034cc08ff6332e6bda182fe4e03ce7c22ac814f2e102121ae82cac,lesson51,November,,page-literal,初筛未提示文字差异,,只表示自动初筛没有文字差异；自然度、音色、词性变音和音标仍需人工听审。,November,未做第二模型,1776,260,待逐条人工听审,,,
lesson51/audio/october.mp3,afab3f77551958ff660505cee32ac01608af2d4d68af078bedfefffb0a63c650,lesson51,October,,page-literal,初筛未提示文字差异,,只表示自动初筛没有文字差异；自然度、音色、词性变音和音标仍需人工听审。,October,未做第二模型,1776,250,待逐条人工听审,,,
lesson51/audio/pleasant.mp3,b95638873b6f667c7fe26d3ed26fa185f33977a0136738ac77867c918583ebb3,lesson51,pleasant,,page-literal,初筛未提示文字差异,,只表示自动初筛没有文字差异；自然度、音色、词性变音和音标仍需人工听审。,Pleasant.,未做第二模型,1776,210,待逐条人工听审,,,
lesson51/audio/rain.mp3,fa9d70bccdeef335b8d48e85e550c0c8b6024f88f013354d127a4318cc0992e2,lesson51,rain,,page-literal,初筛未提示文字差异,,只表示自动初筛没有文字差异；自然度、音色、词性变音和音标仍需人工听审。,Rain.,未做第二模型,1776,190,待逐条人工听审,,,
lesson51/audio/september.mp3,e2fbbf1023aafa8f080e16f6bd90a3575130c0017f834fa50c31ec2077edae19,lesson51,September,,page-literal,初筛未提示文字差异,,只表示自动初筛没有文字差异；自然度、音色、词性变音和音标仍需人工听审。,September,未做第二模型,1776,260,待逐条人工听审,,,
lesson51/audio/snow.mp3,d9a9ce4dac72f07c2cdeaf238f79b49d296995970f2f6ad36594b290b9e00a5c,lesson51,snow,,page-literal,初筛未提示文字差异,,只表示自动初筛没有文字差异；自然度、音色、词性变音和音标仍需人工听审。,Snow,未做第二模型,1776,200,待逐条人工听审,,,
lesson51/audio/sometimes.mp3,184481b6e994e68d5be4b853b955ba279cada743c76386a396622ff825d81600,lesson51,sometimes,,page-literal,初筛未提示文字差异,,只表示自动初筛没有文字差异；自然度、音色、词性变音和音标仍需人工听审。,Sometimes,未做第二模型,1776,210,待逐条人工听审,,,
lesson51/audio/spring.mp3,91d5ff5708eddb73cf7aeb26ea793477f2cabb6210ea0bdae2ee6bb8f82e87d3,lesson51,spring,,page-literal,初筛未提示文字差异,,只表示自动初筛没有文字差异；自然度、音色、词性变音和音标仍需人工听审。,spring,未做第二模型,1776,210,待逐条人工听审,,,
lesson51/audio/summer.mp3,43edfa57062c95f5d6c375cae1182f83f61e273a79d020c7f9e4bf16df50491e,lesson51,summer,,page-literal,初筛未提示文字差异,,只表示自动初筛没有文字差异；自然度、音色、词性变音和音标仍需人工听审。,summer,未做第二模型,1776,220,待逐条人工听审,,,
lesson51/audio/the_sun_shines_every_day.mp3,cf0184a740d7521e83c37ad6349ac649fafa648400256e50222770afae28cd8f,lesson51,The sun shines every day.,,page-literal,初筛未提示文字差异,,只表示自动初筛没有文字差异；自然度、音色、词性变音和音标仍需人工听审。,The sun shines every day.,未做第二模型,2904,310,待逐条人工听审,,,
lesson51/audio/weather.mp3,0ae0efc4d8dbea136357d5cbfacdc3c357f2b6e519a568cdd08a9a1773505054,lesson51,weather,,page-literal,初筛未提示文字差异,,只表示自动初筛没有文字差异；自然度、音色、词性变音和音标仍需人工听审。,weather,未做第二模型,1776,250,待逐条人工听审,,,
lesson51/audio/what_s_the_climate_like_in_your_country.mp3,89769b53f60fed3fd84f4dddec308c19aad01f4c00a8f20ce269acef11927d46,lesson51,What's the climate like in your country?,,page-literal,初筛未提示文字差异,,只表示自动初筛没有文字差异；自然度、音色、词性变音和音标仍需人工听审。,What's the climate like in your country?,未做第二模型,3624,300,待逐条人工听审,,,
lesson51/audio/what_s_the_weather_like_in_spring.mp3,ba520ce4f2950ca649cce85f447fffd85f88bc163b59c3fb7226239a79ecbf7a,lesson51,What's the weather like in spring?,,page-literal,初筛未提示文字差异,,只表示自动初筛没有文字差异；自然度、音色、词性变音和音标仍需人工听审。,What's the weather like in spring?,未做第二模型,3384,280,待逐条人工听审,,,
lesson51/audio/where_do_you_come_from.mp3,d8653738a01dab66d4484c4c157b74bb9d8cf23e738f1bfa5b71f81d5354a475,lesson51,Where do you come from?,,page-literal,初筛未提示文字差异,,只表示自动初筛没有文字差异；自然度、音色、词性变音和音标仍需人工听审。,Where do you come from?,未做第二模型,2664,310,待逐条人工听审,,,
lesson51/audio/windy.mp3,ebf2b3cdc035abf850ab591ef8b6f61e1daa80682aed4a73be0d9fc579aefeed,lesson51,windy,,page-literal,初筛未提示文字差异,,只表示自动初筛没有文字差异；自然度、音色、词性变音和音标仍需人工听审。,Windy,未做第二模型,1776,210,待逐条人工听审,,,
lesson51/audio/winter.mp3,97f5902201786d098286f65f5ed2c722e9cf9d1f71f87c43688da80f6fd13c71,lesson51,winter,,page-literal,初筛未提示文字差异,,只表示自动初筛没有文字差异；自然度、音色、词性变音和音标仍需人工听审。,Winter,未做第二模型,1776,220,待逐条人工听审,,,
lesson52/audio/american.mp3,ca603dcccbf62c8af370788a9e0364a6af9bf4a096bf23eaf4a8a3f5d12ab8a4,lesson52,American,,page-literal,初筛未提示文字差异,,只表示自动初筛没有文字差异；自然度、音色、词性变音和音标仍需人工听审。,American,未做第二模型,1776,220,待逐条人工听审,,,
lesson52/audio/brazil.mp3,a6838b305591eddc59767f6af29a0b66de5bd16280dc4e280de2bafa3cef5dba,lesson52,Brazil,,page-literal,初筛未提示文字差异,,只表示自动初筛没有文字差异；自然度、音色、词性变音和音标仍需人工听审。,Brazil,未做第二模型,1776,230,待逐条人工听审,,,
lesson52/audio/brazilian.mp3,c79183c6baaeb54d7ff28aa0f5473154db2087278c29eff748f65dfff45fd790,lesson52,Brazilian,,page-literal,初筛未提示文字差异,,只表示自动初筛没有文字差异；自然度、音色、词性变音和音标仍需人工听审。,Brazilian,未做第二模型,1776,260,待逐条人工听审,,,
lesson52/audio/does_he_come_from_brazil.mp3,ef436d2b6de106e18c09ce1b2a3f1fdabddd69413cf90918c3ddf39c20b095a7,lesson52,Does he come from Brazil?,,rendered-page,初筛未提示文字差异,,只表示自动初筛没有文字差异；自然度、音色、词性变音和音标仍需人工听审。,Does he come from Brazil?,未做第二模型,2448,240,待逐条人工听审,,,
lesson52/audio/dutch.mp3,81c271e8991d67dd4c71485dbd38890ada3b00cf92c91ba8d1bca8af66242733,lesson52,Dutch,,page-literal,初筛未提示文字差异,,只表示自动初筛没有文字差异；自然度、音色、词性变音和音标仍需人工听审。,Dutch,未做第二模型,1776,200,待逐条人工听审,,,
lesson52/audio/england.mp3,2109a8e4d974d8826e9f15b48ac44624b4add07329c414862d167f2e506c8a5a,lesson52,England,,page-literal,初筛未提示文字差异,,只表示自动初筛没有文字差异；自然度、音色、词性变音和音标仍需人工听审。,England,未做第二模型,1776,220,待逐条人工听审,,,
lesson52/audio/english.mp3,41da69e8b37a9da8cff95604732130fa7de594faf8e2acc3367621d161256a93,lesson52,English,,page-literal,初筛未提示文字差异,,只表示自动初筛没有文字差异；自然度、音色、词性变音和音标仍需人工听审。,English.,未做第二模型,1776,260,待逐条人工听审,,,
lesson52/audio/france.mp3,3c37dd498c46639c25002e1cc29798cf058c1c935472b6db9d0393c9b4c0c1d9,lesson52,France,,page-literal,初筛未提示文字差异,,只表示自动初筛没有文字差异；自然度、音色、词性变音和音标仍需人工听审。,France.,未做第二模型,1776,240,待逐条人工听审,,,
lesson52/audio/french.mp3,30e36d471c50535d8ab0a334d0ee6bb1307d2c77e62c33a5b63cc6e902074937,lesson52,French,,page-literal,初筛未提示文字差异,,只表示自动初筛没有文字差异；自然度、音色、词性变音和音标仍需人工听审。,French,未做第二模型,1776,220,待逐条人工听审,,,
lesson52/audio/german.mp3,87430d72d451ad3dc3c738ed70d67e4f1b01c56723d663c3062cdc002eac66fd,lesson52,German,,page-literal,初筛未提示文字差异,,只表示自动初筛没有文字差异；自然度、音色、词性变音和音标仍需人工听审。,German,未做第二模型,1776,250,待逐条人工听审,,,
lesson52/audio/germany.mp3,ab884d3e27d0a75253b873b62e9868123a05b321f382b58f3c6bfee38c190efd,lesson52,Germany,,page-literal,初筛未提示文字差异,,只表示自动初筛没有文字差异；自然度、音色、词性变音和音标仍需人工听审。,Germany,未做第二模型,1776,240,待逐条人工听审,,,
lesson52/audio/greece.mp3,6c9a4056503d6885e260765aed1c75b06b34fc0a4c293a1bb600757a4cae1e48,lesson52,Greece,,page-literal,初筛未提示文字差异,,只表示自动初筛没有文字差异；自然度、音色、词性变音和音标仍需人工听审。,Greece,未做第二模型,1776,250,待逐条人工听审,,,
lesson52/audio/greek.mp3,cbf0398050fac8ac8c2d9667f7426e50cfe9fcf02e4b38708cea561ff0094750,lesson52,Greek,,page-literal,初筛未提示文字差异,,只表示自动初筛没有文字差异；自然度、音色、词性变音和音标仍需人工听审。,Greek,未做第二模型,1776,260,待逐条人工听审,,,
lesson52/audio/he_comes_from_brazil.mp3,b1d282e6d004cfa06f2dc044aa85a23a0903e128e65794290630a99f628c033f,lesson52,He comes from Brazil.,,rendered-page,初筛未提示文字差异,,只表示自动初筛没有文字差异；自然度、音色、词性变音和音标仍需人工听审。,He comes from Brazil.,未做第二模型,2328,270,待逐条人工听审,,,
lesson52/audio/he_comes_from_greece.mp3,b5f902fd6b88c6f9bd9e9fb432cf21fcc758eea0945a0977b337d6ec03b2bac3,lesson52,He comes from Greece.,,rendered-page,初筛未提示文字差异,,只表示自动初筛没有文字差异；自然度、音色、词性变音和音标仍需人工听审。,He comes from Greece.,未做第二模型,2328,280,待逐条人工听审,,,
lesson52/audio/he_comes_from_the_u_s_but_she_comes_from_england.mp3,c56b924ab6274b6984ab52a2d74a689bcf33f3179e096f363c774c7444a1940a,lesson52,"He comes from the U.S., but she comes from England.",,page-literal,初筛未提示文字差异,,只表示自动初筛没有文字差异；自然度、音色、词性变音和音标仍需人工听审。,"He comes from the US, but she comes from England.",未做第二模型,3936,290,待逐条人工听审,,,
lesson52/audio/he_s_american.mp3,b148be20e67eff37bcb1a22de36ff44e2b6cbcfdcd9b05f934f8d3d9d529216c,lesson52,he s american,,filename-inferred,初筛未提示文字差异,,只表示自动初筛没有文字差异；自然度、音色、词性变音和音标仍需人工听审。,He's American.,未做第二模型,2040,310,待逐条人工听审,,,
lesson52/audio/i_come_from_norway_but_you_come_from_spain.mp3,00ad768dd7c6e5c2fa7957c822cd3911c30c6c9c7ebaf4fe47359b707b7f881e,lesson52,"I come from Norway, but you come from Spain.",,page-literal,初筛未提示文字差异,,只表示自动初筛没有文字差异；自然度、音色、词性变音和音标仍需人工听审。,"I come from Norway, but you come from Spain.",未做第二模型,3528,260,待逐条人工听审,,,
lesson52/audio/i_come_from_sweden.mp3,c6358cb8eec8cc902cbcd5d091a40c93ef30dfbc6300cad5b834ce021194bcc5,lesson52,I come from Sweden.,,rendered-page,初筛未提示文字差异,,只表示自动初筛没有文字差异；自然度、音色、词性变音和音标仍需人工听审。,I come from Sweden.,未做第二模型,1944,200,待逐条人工听审,,,
lesson52/audio/i_come_from_the_u_s.mp3,1273fab9d811c92a3b0ab85be06c617712e611a3b73294019a67ba9d2b6fcf30,lesson52,I come from the U.S..,,rendered-page,初筛未提示文字差异,,只表示自动初筛没有文字差异；自然度、音色、词性变音和音标仍需人工听审。,I come from the US.,未做第二模型,2184,200,待逐条人工听审,,,
lesson52/audio/i_like_cold_weather_but_he_likes_warm_weather.mp3,61cfc00eddebc285d3c2aea91e2d18c7f45c9cb67067c0d3694bf06648565358,lesson52,"I like cold weather, but he likes warm weather.",,page-literal,初筛未提示文字差异,,只表示自动初筛没有文字差异；自然度、音色、词性变音和音标仍需人工听审。,"I like cold weather, but he likes warm weather.",未做第二模型,3648,230,待逐条人工听审,,,
lesson52/audio/i_m_american.mp3,ed2668a9eb40448fe2c3498a59dea1036727a8fca299664f0d3158fc64c484d3,lesson52,I'm American.,,rendered-page,初筛未提示文字差异,,只表示自动初筛没有文字差异；自然度、音色、词性变音和音标仍需人工听审。,I'm American.,未做第二模型,1776,200,待逐条人工听审,,,
lesson52/audio/i_m_swedish.mp3,98dc73249d2acf658416d837b5487a91251ea98ae8e02f0b53aadcc06a253428,lesson52,I'm Swedish.,,rendered-page,初筛未提示文字差异,,只表示自动初筛没有文字差异；自然度、音色、词性变音和音标仍需人工听审。,I'm Swedish.,未做第二模型,1776,200,待逐条人工听审,,,
lesson52/audio/italian.mp3,d8c28898633c1f74b0e6a75ca084fa85598272f425208d92ab5a9dd07c3304d1,lesson52,Italian,,page-literal,初筛未提示文字差异,,只表示自动初筛没有文字差异；自然度、音色、词性变音和音标仍需人工听审。,Italian,未做第二模型,1776,220,待逐条人工听审,,,
lesson52/audio/italy.mp3,5d5ac072801d71212d518f0dd19e6ea101cc046fcc4ebc6a8f5d22b54d97891a,lesson52,Italy,,page-literal,初筛未提示文字差异,,只表示自动初筛没有文字差异；自然度、音色、词性变音和音标仍需人工听审。,Italy,未做第二模型,1776,220,待逐条人工听审,,,
lesson52/audio/no_he_doesn_t_come_from_brazil_he_comes_from_the_u_s.mp3,3bb02e49ea75dfd7f1a0216637794345063855ef364a0be06a73886f188397a9,lesson52,no he doesn t come from brazil he comes from the u s,,filename-inferred,初筛未提示文字差异,,只表示自动初筛没有文字差异；自然度、音色、词性变音和音标仍需人工听审。,"No, he doesn't come from Brazil. He comes from the U.S.",未做第二模型,5112,210,待逐条人工听审,,,
lesson52/audio/norwegian.mp3,e525c774c2dcab9a8a6b83d97e412a866dfce98baef81a97382891d0da50734b,lesson52,Norwegian,,page-literal,初筛未提示文字差异,,只表示自动初筛没有文字差异；自然度、音色、词性变音和音标仍需人工听审。,Norwegian,未做第二模型,1776,220,待逐条人工听审,,,
lesson52/audio/russia.mp3,56485609cce26f39a6fd3d6391a347819ca4bb1fe8652cba0b5dbb88f7dbd8a4,lesson52,Russia,,page-literal,初筛未提示文字差异,,只表示自动初筛没有文字差异；自然度、音色、词性变音和音标仍需人工听审。,Russia,未做第二模型,1776,230,待逐条人工听审,,,
lesson52/audio/russian.mp3,548ba11c7650d2f35e33aaa46e28f42c351dd9907a44b08a652840903cc6603e,lesson52,Russian,,page-literal,初筛未提示文字差异,,只表示自动初筛没有文字差异；自然度、音色、词性变音和音标仍需人工听审。,Russian,未做第二模型,1776,230,待逐条人工听审,,,
lesson52/audio/she_comes_from_spain.mp3,d26d4bdb1fa6cabdc4ce59efdd425164f4caf430915852f61dfc4f40e64a741e,lesson52,She comes from Spain.,,rendered-page,初筛未提示文字差异,,只表示自动初筛没有文字差异；自然度、音色、词性变音和音标仍需人工听审。,She comes from Spain.,未做第二模型,1968,200,待逐条人工听审,,,
lesson52/audio/she_comes_from_the_netherlands.mp3,f1d784b9b7f3570e2284daf3c45cbb8efd39faf8efe1ebc6e55c78cbddf5dcfd,lesson52,She comes from the Netherlands.,,rendered-page,初筛未提示文字差异,,只表示自动初筛没有文字差异；自然度、音色、词性变音和音标仍需人工听审。,She comes from the Netherlands.,未做第二模型,2328,200,待逐条人工听审,,,
lesson52/audio/she_doesn_t_like_the_winter_but_she_likes_the_summer.mp3,540c847d36f4222fe02ec054db01f6a697d0591936f807fa7301c49bb43d1107,lesson52,"She doesn't like the winter, but she likes the summer.",,page-literal,初筛未提示文字差异,,只表示自动初筛没有文字差异；自然度、音色、词性变音和音标仍需人工听审。,"She doesn't like the winter, but she likes the summer.",未做第二模型,3552,240,待逐条人工听审,,,
lesson52/audio/she_s_dutch.mp3,cba8d20c3f2e1a2aac88517603e56ae7bf239903fd29e878900e82918e0f8893,lesson52,She's Dutch.,,rendered-page,初筛未提示文字差异,,只表示自动初筛没有文字差异；自然度、音色、词性变音和音标仍需人工听审。,She's Dutch.,未做第二模型,1776,190,待逐条人工听审,,,
lesson52/audio/she_s_spanish.mp3,a25ff916995a4b18baaf05a4f8b4e295379857b505f4d8f62b28714466386390,lesson52,She's Spanish.,,page-literal,初筛未提示文字差异,,只表示自动初筛没有文字差异；自然度、音色、词性变音和音标仍需人工听审。,She's Spanish.,未做第二模型,1776,200,待逐条人工听审,,,
lesson52/audio/spain.mp3,f4062f6556428bba01aa0062db5d306a3099b11fbe619b68113d9aae26462d22,lesson52,Spain,,page-literal,初筛未提示文字差异,,只表示自动初筛没有文字差异；自然度、音色、词性变音和音标仍需人工听审。,Spain,未做第二模型,1776,230,待逐条人工听审,,,
lesson52/audio/spanish.mp3,7311c94aa1ec983cd6e91358d276327acb0cf3d8aba006a15a2a9386ecf7b785,lesson52,Spanish,,page-literal,初筛未提示文字差异,,只表示自动初筛没有文字差异；自然度、音色、词性变音和音标仍需人工听审。,Spanish,未做第二模型,1776,250,待逐条人工听审,,,
lesson52/audio/stella_comes_from_spain_but_hans_and_karl_come_from_germany.mp3,75251f4cc43989041064ed5e0adc774846fc5c91f6b79529dd3b476d7f77c9dd,lesson52,"Stella comes from Spain, but Hans and Karl come from Germany.",,page-literal,初筛未提示文字差异,,只表示自动初筛没有文字差异；自然度、音色、词性变音和音标仍需人工听审。,"Stella comes from Spain, but Hans and Karl come from Germany.",未做第二模型,4752,250,待逐条人工听审,,,
lesson52/audio/sweden.mp3,f5cbcf408e43920d4ad545dd93db5ecb6056a1def6c0a1277913cba1aa96e996,lesson52,Sweden,,page-literal,初筛未提示文字差异,,只表示自动初筛没有文字差异；自然度、音色、词性变音和音标仍需人工听审。,Sweden,未做第二模型,1776,220,待逐条人工听审,,,
lesson52/audio/swedish.mp3,4766d6780628786e0f8a1bef505612a77803f3f02e5fca1f200f320e45ac2be1,lesson52,Swedish,,page-literal,初筛未提示文字差异,,只表示自动初筛没有文字差异；自然度、音色、词性变音和音标仍需人工听审。,Swedish,未做第二模型,1776,250,待逐条人工听审,,,
lesson52/audio/the_netherlands.mp3,4654680cc96f75b64c6743377f464927ecd8ad95100e221a67b3ef4c3c78be6e,lesson52,the Netherlands,,page-literal,初筛未提示文字差异,,只表示自动初筛没有文字差异；自然度、音色、词性变音和音标仍需人工听审。,The Netherlands,未做第二模型,1776,250,待逐条人工听审,,,
lesson52/audio/the_u_s.mp3,91da7849200910d8a93c0462c232ddbd3ef07541b7071b2c757110f50b7fe374,lesson52,the U.S.,,page-literal,初筛未提示文字差异,,只表示自动初筛没有文字差异；自然度、音色、词性变音和音标仍需人工听审。,The U.S.,未做第二模型,1776,260,待逐条人工听审,,,
lesson52/audio/they_come_from_france.mp3,cc388e9d7c2482c7ce48d9a957c22141d210511e21078ba94ddac05968b442b7,lesson52,They come from France.,,rendered-page,初筛未提示文字差异,,只表示自动初筛没有文字差异；自然度、音色、词性变音和音标仍需人工听审。,They come from France.,未做第二模型,1944,210,待逐条人工听审,,,
lesson52/audio/they_come_from_russia.mp3,639edbc308790876fd250dd192970255adb5f26bb3809901f94d11e3979c5660,lesson52,They come from Russia.,,rendered-page,初筛未提示文字差异,,只表示自动初筛没有文字差异；自然度、音色、词性变音和音标仍需人工听审。,They come from Russia.,未做第二模型,1896,230,待逐条人工听审,,,
lesson52/audio/they_re_french.mp3,6df80d835b3c6d8c9daa58b6c2aeb72dcbe166ffd081ba2cd276f80baaee7a79,lesson52,They're French.,,rendered-page,初筛未提示文字差异,,只表示自动初筛没有文字差异；自然度、音色、词性变音和音标仍需人工听审。,They're French.,未做第二模型,1776,210,待逐条人工听审,,,
lesson52/audio/they_re_russian.mp3,a31ef389e5aaf4924e9759f1fd4fe7e377385de68fda290718778ea45d3914fc,lesson52,They're Russian.,,rendered-page,初筛未提示文字差异,,只表示自动初筛没有文字差异；自然度、音色、词性变音和音标仍需人工听审。,They're Russian.,未做第二模型,1776,210,待逐条人工听审,,,
lesson52/audio/we_come_from_england.mp3,6a18aaeb6ddc966756d44cca65d08ea5ba22c087243f280674f5e31dd5c7564f,lesson52,We come from England.,,rendered-page,初筛未提示文字差异,,只表示自动初筛没有文字差异；自然度、音色、词性变音和音标仍需人工听审。,We come from England.,未做第二模型,1944,200,待逐条人工听审,,,
lesson52/audio/we_come_from_germany_but_dimitri_comes_from_greece.mp3,5d964b0b94964ce91ec052f0c274a2445dcd8b967d137f3b3319a0a884adb38c,lesson52,"We come from Germany, but Dimitri comes from Greece.",,page-literal,初筛未提示文字差异,,只表示自动初筛没有文字差异；自然度、音色、词性变音和音标仍需人工听审。,"We come from Germany, but Dimitri comes from Greece.",未做第二模型,4176,250,待逐条人工听审,,,
lesson52/audio/we_come_from_norway.mp3,22a07b46dca9c3cf82279821e92722a88527989974ab2b955839c69fe76e7085,lesson52,We come from Norway.,,rendered-page,初筛未提示文字差异,,只表示自动初筛没有文字差异；自然度、音色、词性变音和音标仍需人工听审。,We come from Norway.,未做第二模型,1896,200,待逐条人工听审,,,
lesson52/audio/we_don_t_come_from_spain_we_come_from_brazil.mp3,b35ff6b3a316d3d241b00e84f6c244f3c4103c82b8509fa2a56a4bf4026e0495,lesson52,We don't come from Spain. We come from Brazil.,,page-literal,初筛未提示文字差异,,只表示自动初筛没有文字差异；自然度、音色、词性变音和音标仍需人工听审。,We don't come from Spain. We come from Brazil.,未做第二模型,4584,280,待逐条人工听审,,,
lesson52/audio/we_re_english.mp3,3feba29ae82a97f34e2c63f3ccf91335239a9cad7fc82e2cc3e8d5cf18b4101c,lesson52,We're English.,,rendered-page,初筛未提示文字差异,,只表示自动初筛没有文字差异；自然度、音色、词性变音和音标仍需人工听审。,We're English.,未做第二模型,1776,200,待逐条人工听审,,,
lesson52/audio/we_re_norwegian.mp3,494d25326697b824f86e118e2e72c366d55885d4310f269fbb351459c17a9eea,lesson52,We're Norwegian.,,rendered-page,初筛未提示文字差异,,只表示自动初筛没有文字差异；自然度、音色、词性变音和音标仍需人工听审。,We're Norwegian.,未做第二模型,1776,200,待逐条人工听审,,,
lesson52/audio/what_nationality_are_they.mp3,fe8d25922f736abf5afdbf6f96674abeaf8b7491ecbc2dabdd4e005c0bbd9ec9,lesson52,What nationality are they?,,page-literal,初筛未提示文字差异,,只表示自动初筛没有文字差异；自然度、音色、词性变音和音标仍需人工听审。,What nationality are they?,未做第二模型,2376,250,待逐条人工听审,,,
lesson52/audio/what_nationality_are_you.mp3,42180e6294aabf9b07b6fe1fae0fad391f3cd19e63760092989c1a2fe10ee724,lesson52,what nationality are you,,filename-inferred,初筛未提示文字差异,,只表示自动初筛没有文字差异；自然度、音色、词性变音和音标仍需人工听审。,What nationality are you?,未做第二模型,2304,250,待逐条人工听审,,,
lesson52/audio/what_nationality_is_he.mp3,45a0dc45a8c90823a82744d47a2d760818bba03b5a17140db68885299b475b90,lesson52,what nationality is he,,filename-inferred,初筛未提示文字差异,,只表示自动初筛没有文字差异；自然度、音色、词性变音和音标仍需人工听审。,What nationality is he?,未做第二模型,2400,210,待逐条人工听审,,,
lesson52/audio/where_do_they_come_from.mp3,36f01ef5c938ab0bf96cf73ee514c1e97ff32339a0f6e4b245ef027aec035fe1,lesson52,where do they come from,,filename-inferred,初筛未提示文字差异,,只表示自动初筛没有文字差异；自然度、音色、词性变音和音标仍需人工听审。,Where do they come from?,未做第二模型,1872,210,待逐条人工听审,,,
lesson52/audio/where_does_he_come_from.mp3,7589fee5471ddd52babe46cc6d28c5953731eaecda716e401018f75fce4ed080,lesson52,Where does he come from?,,page-literal,初筛未提示文字差异,,只表示自动初筛没有文字差异；自然度、音色、词性变音和音标仍需人工听审。,Where does he come from?,未做第二模型,2280,260,待逐条人工听审,,,
lesson52/audio/you_come_from_germany.mp3,7604119f43028854c2c87394181b104baf80556763b00d6ef6d339c043950ae6,lesson52,You come from Germany.,,rendered-page,初筛未提示文字差异,,只表示自动初筛没有文字差异；自然度、音色、词性变音和音标仍需人工听审。,You come from Germany.,未做第二模型,2304,260,待逐条人工听审,,,
lesson52/audio/you_come_from_italy.mp3,35b4ec1996d1caff36cfc4e75c52bc451dfaf091ac1e512ea1ae38e7604a56d7,lesson52,You come from Italy.,,rendered-page,初筛未提示文字差异,,只表示自动初筛没有文字差异；自然度、音色、词性变音和音标仍需人工听审。,You come from Italy.,未做第二模型,1800,200,待逐条人工听审,,,
lesson52/audio/you_re_german.mp3,3bce90c0ea160452798ed51bf44d5ff6e310f3a391a744f892c2d5b81ff74740,lesson52,You're German.,,rendered-page,初筛未提示文字差异,,只表示自动初筛没有文字差异；自然度、音色、词性变音和音标仍需人工听审。,You're German.,未做第二模型,1848,250,待逐条人工听审,,,
lesson52/audio/you_re_italian.mp3,3b29aaeb2c552db2b8fe0146416b95eafca6c8519d32383de4813dcc9b6f5ca7,lesson52,You're Italian.,,rendered-page,初筛未提示文字差异,,只表示自动初筛没有文字差异；自然度、音色、词性变音和音标仍需人工听审。,You're Italian.,未做第二模型,1776,220,待逐条人工听审,,,
lesson53/audio/always.mp3,ae603e5ac1747c2e419a667a5c8b052574c78b9c03153ce73032a380cd170df2,lesson53,always,,page-literal,初筛未提示文字差异,,只表示自动初筛没有文字差异；自然度、音色、词性变音和音标仍需人工听审。,Always.,未做第二模型,1776,260,待逐条人工听审,,,
lesson53/audio/autumn.mp3,6b8c148b8e7fb8696271293cbf3eff1c8efa49f6e6dcb504d748b1f2efea03af,lesson53,autumn,,page-literal,初筛未提示文字差异,,只表示自动初筛没有文字差异；自然度、音色、词性变音和音标仍需人工听审。,Autumn,未做第二模型,1776,220,待逐条人工听审,,,
lesson53/audio/best.mp3,0cb962ab05bf037ff1063989a2697a2a9dea5d22e7821327cd4cf5a13929c8cd,lesson53,best,,page-literal,初筛未提示文字差异,,只表示自动初筛没有文字差异；自然度、音色、词性变音和音标仍需人工听审。,Best,未做第二模型,1776,260,待逐条人工听审,,,
lesson53/audio/cold.mp3,07cb12d8042e4b26c53bcea1dbe8e9729af94844405babb01e0232c49c5d4ab2,lesson53,cold,,page-literal,初筛未提示文字差异,,只表示自动初筛没有文字差异；自然度、音色、词性变音和音标仍需人工听审。,Cold.,未做第二模型,1776,220,待逐条人工听审,,,
lesson53/audio/conversation.mp3,f6628d158dae683aa9e4a6c6c7b9a3a45e2437bf6e94b1912a1a513c67518cff,lesson53,conversation,,page-literal,初筛未提示文字差异,,只表示自动初筛没有文字差异；自然度、音色、词性变音和音标仍需人工听审。,conversation,未做第二模型,1800,260,待逐条人工听审,,,
lesson53/audio/early.mp3,e9ec11c0b4a1657e9106d2b6a8df8b4022735507b76bbf5f7749b625cfb75893,lesson53,early,,page-literal,初筛未提示文字差异,,只表示自动初筛没有文字差异；自然度、音色、词性变音和音标仍需人工听审。,Early,未做第二模型,1776,240,待逐条人工听审,,,
lesson53/audio/east.mp3,3cd9d50d75976849bfeb03859c18a518aa0212426a4276205d5452db0d1220c5,lesson53,east,,page-literal,初筛未提示文字差异,,只表示自动初筛没有文字差异；自然度、音色、词性变音和音标仍需人工听审。,East.,未做第二模型,1776,220,待逐条人工听审,,,
lesson53/audio/i_come_from_england.mp3,7670d429901e53655d519877af3f970a9e1de7034158d96e9f231ba8eddee15b,lesson53,I come from England.,,page-literal,初筛未提示文字差异,,只表示自动初筛没有文字差异；自然度、音色、词性变音和音标仍需人工听审。,I come from England.,未做第二模型,2160,210,待逐条人工听审,,,
lesson53/audio/i_don_t_like_autumn_and_winter.mp3,3500deb263b6bafa9cc13af31a8c8a59f1f43165daee255615f7f941e53beef8,lesson53,I don't like autumn and winter.,,page-literal,初筛未提示文字差异,,只表示自动初筛没有文字差异；自然度、音色、词性变音和音标仍需人工听审。,I don't like autumn and winter.,未做第二模型,2664,210,待逐条人工听审,,,
lesson53/audio/i_like_spring_and_summer.mp3,9104a7b0bb93c45a2a7a56b84d511b5d9f768f8df8c196167fae675c0baebb95,lesson53,I like spring and summer.,,page-literal,初筛未提示文字差异,,只表示自动初筛没有文字差异；自然度、音色、词性变音和音标仍需人工听审。,I like spring and summer.,未做第二模型,2424,210,待逐条人工听审,,,
lesson53/audio/in_winter_the_sun_rises_late_and_sets_early.mp3,635765a012196cb48e84758c8f2929f09d8ae43f483becc75d4bb70e2dd5e440,lesson53,"In winter, the sun rises late and sets early.",,page-literal,初筛未提示文字差异,,只表示自动初筛没有文字差异；自然度、音色、词性变音和音标仍需人工听审。,"In winter, the sun rises late and sets early.",未做第二模型,3696,200,待逐条人工听审,,,
lesson53/audio/interesting.mp3,304fc6d11fa5f1970f48f72de8c8dc5952f1f8a96bec3ab7a463bb0c71278838,lesson53,interesting,,page-literal,初筛未提示文字差异,,只表示自动初筛没有文字差异；自然度、音色、词性变音和音标仍需人工听审。,Interesting.,未做第二模型,1776,220,待逐条人工听审,,,
lesson53/audio/it_s_mild_but_it_s_not_always_pleasant.mp3,aeb654a9abe055453b926d390fbc4775b2fe5d72fe91070b16d41378c49f4135,lesson53,"It's mild, but it's not always pleasant.",,page-literal,初筛未提示文字差异,,只表示自动初筛没有文字差异；自然度、音色、词性变音和音标仍需人工听审。,"It's mild, but it's not always pleasant.",未做第二模型,3528,220,待逐条人工听审,,,
lesson53/audio/it_s_often_wet_in_the_west.mp3,33f4db15386910f64becc52ab411ff44174c42241c6f082f068f45a7b06e6f3b,lesson53,It's often wet in the West.,,page-literal,初筛未提示文字差异,,只表示自动初筛没有文字差异；自然度、音色、词性变音和音标仍需人工听审。,It's often wet in the west.,未做第二模型,2304,200,待逐条人工听审,,,
lesson53/audio/it_s_often_wet_in_the_west_and_sometimes_warm_in_the_south.mp3,9784da27565d2573e538eabb6b84d1b963f276c8c23e0b4cfc368a3551eb888b,lesson53,It's often wet in the West and sometimes warm in the South.,,page-literal,初筛未提示文字差异,,只表示自动初筛没有文字差异；自然度、音色、词性变音和音标仍需人工听审。,It's often wet in the west and sometimes warm in the south.,未做第二模型,4032,210,待逐条人工听审,,,
lesson53/audio/it_s_sometimes_warm_in_the_south.mp3,5f9b464e6273b3f7b3286d64e315c2096724a9e9d8e89762572dd1ade8f6bc6d,lesson53,It's sometimes warm in the South.,,page-literal,初筛未提示文字差异,,只表示自动初筛没有文字差异；自然度、音色、词性变音和音标仍需人工听审。,It's sometimes warm in the south.,未做第二模型,2520,200,待逐条人工听审,,,
lesson53/audio/late.mp3,9afee9b0fc044a0d44fb256fb4e159855c9f34b75eca530df19f6fc9270122a9,lesson53,late,,page-literal,初筛未提示文字差异,,只表示自动初筛没有文字差异；自然度、音色、词性变音和音标仍需人工听审。,late,未做第二模型,1776,220,待逐条人工听审,,,
lesson53/audio/long_days.mp3,541b1946ffc454fb49de22d3ead3c6fdf53343baa67397d4e21e538c93c62874,lesson53,long days,,page-literal,初筛未提示文字差异,,只表示自动初筛没有文字差异；自然度、音色、词性变音和音标仍需人工听审。,Long days.,未做第二模型,1776,220,待逐条人工听审,,,
lesson53/audio/mild.mp3,861ccda20bf6e4b41418d084246a767ced8eaf90726ebf2a2a87b5848ceeb416,lesson53,mild,,page-literal,初筛未提示文字差异,,只表示自动初筛没有文字差异；自然度、音色、词性变音和音标仍需人工听审。,Mild,未做第二模型,1776,220,待逐条人工听审,,,
lesson53/audio/night.mp3,fe4616846d3a0b0e5aba59ad5ff06a7bb458d9f15d8c2aab0b6fee6173cc07c5,lesson53,night,,page-literal,初筛未提示文字差异,,只表示自动初筛没有文字差异；自然度、音色、词性变音和音标仍需人工听审。,night,未做第二模型,1776,220,待逐条人工听审,,,
lesson53/audio/north.mp3,cc0b24454913740b1d83a38354b2f673aabb8df0e5a65731fde18a0a66ff4b31,lesson53,north,,page-literal,初筛未提示文字差异,,只表示自动初筛没有文字差异；自然度、音色、词性变音和音标仍需人工听审。,North,未做第二模型,1776,220,待逐条人工听审,,,
lesson53/audio/our_climate_is_not_very_good_but_it_s_certainly_interesting.mp3,e5c6044c2a5b7fefc0bc6ad4df0cf936782cb9f529a34b73a29345ba530a9e8a,lesson53,"Our climate is not very good, but it's certainly interesting.",,page-literal,初筛未提示文字差异,,只表示自动初筛没有文字差异；自然度、音色、词性变音和音标仍需人工听审。,"Our climate is not very good, but it's certainly interesting.",未做第二模型,4608,210,待逐条人工听审,,,
lesson53/audio/rise.mp3,da509aacca74517a809a565975c56217f6a614482e36cb72d3dc3c9a33d4d611,lesson53,rise,,page-literal,初筛未提示文字差异,,只表示自动初筛没有文字差异；自然度、音色、词性变音和音标仍需人工听审。,Rise.,未做第二模型,1776,210,待逐条人工听审,,,
lesson53/audio/rises_early.mp3,ed79bad90a505c1f50329af9425cc6abce0f29c80e8233932d7c7a806e62d538,lesson53,rises early,,filename-inferred,初筛未提示文字差异,,只表示自动初筛没有文字差异；自然度、音色、词性变音和音标仍需人工听审。,Rises early,未做第二模型,1824,210,待逐条人工听审,,,
lesson53/audio/rises_late.mp3,16bd5d84feb917ab38d179d190306c96237b516edb699fdc7b0a372f1ddfe5ca,lesson53,rises late,,page-literal,初筛未提示文字差异,,只表示自动初筛没有文字差异；自然度、音色、词性变音和音标仍需人工听审。,Rises late.,未做第二模型,1824,230,待逐条人工听审,,,
lesson53/audio/season.mp3,2b59ce3a876cd48c96dd5a214ef69726c0c041d15bee389f3c20b4749e9d8c32,lesson53,season,,page-literal,初筛未提示文字差异,,只表示自动初筛没有文字差异；自然度、音色、词性变音和音标仍需人工听审。,Season,未做第二模型,1776,220,待逐条人工听审,,,
lesson53/audio/set.mp3,7a914124937e2fd4e749ef5f552c1244f4a0d101269bc69100d06e4100f56799,lesson53,set,,page-literal,初筛未提示文字差异,,只表示自动初筛没有文字差异；自然度、音色、词性变音和音标仍需人工听审。,set,未做第二模型,1776,210,待逐条人工听审,,,
lesson53/audio/sets_early.mp3,c2e801798383d7cfa8ada97027b562330d9a9b4fc59595d7c9dab239bee4d0ec,lesson53,sets early,,filename-inferred,初筛未提示文字差异,,只表示自动初筛没有文字差异；自然度、音色、词性变音和音标仍需人工听审。,sets early,未做第二模型,1776,220,待逐条人工听审,,,
lesson53/audio/sets_late.mp3,6aabdfd33d943b9e2e5a4fb44172111363960bc41ab8254ef56bbd49a6b88dc4,lesson53,sets late,,page-literal,初筛未提示文字差异,,只表示自动初筛没有文字差异；自然度、音色、词性变音和音标仍需人工听审。,sets late,未做第二模型,1776,230,待逐条人工听审,,,
lesson53/audio/short_days.mp3,1d03530623d333909188f1cc09e44217fd69d5c4454fdca89e6739c6c1667b5a,lesson53,short days,,page-literal,初筛未提示文字差异,,只表示自动初筛没有文字差异；自然度、音色、词性变音和音标仍需人工听审。,short days,未做第二模型,1776,220,待逐条人工听审,,,
lesson53/audio/south.mp3,ff849c7b9648b4db43e4585fa15180b8d5a77353f2bd379676b995dff8266f09,lesson53,south,,page-literal,初筛未提示文字差异,,只表示自动初筛没有文字差异；自然度、音色、词性变音和音标仍需人工听审。,South,未做第二模型,1776,250,待逐条人工听审,,,
lesson53/audio/spring.mp3,5d556b28ea2ae5e1dcd1f3f7a19002216d241e77dff2fd21a7d6af75abd18f48,lesson53,spring,,page-literal,初筛未提示文字差异,,只表示自动初筛没有文字差异；自然度、音色、词性变音和音标仍需人工听审。,spring,未做第二模型,1776,210,待逐条人工听审,,,
lesson53/audio/subject.mp3,7ecdbcadf1a6ad4d3744bf36e3ca3593119ed75f9fe36cbc2ee84d0ebcd1a5e6,lesson53,subject,,page-literal,初筛未提示文字差异,,只表示自动初筛没有文字差异；自然度、音色、词性变音和音标仍需人工听审。,subject,未做第二模型,1776,220,待逐条人工听审,,,
lesson53/audio/summer.mp3,d9074dc57a61a8176be85b8237db74fb122a701bce5d9295b427b884e583da33,lesson53,summer,,page-literal,初筛未提示文字差异,,只表示自动初筛没有文字差异；自然度、音色、词性变音和音标仍需人工听审。,summer,未做第二模型,1776,230,待逐条人工听审,,,
lesson53/audio/the_days_are_long_and_the_nights_are_short.mp3,ae4a68b0ce414bb45a161535f81231d36f284640d7e2b82824a69d2b4487b5fe,lesson53,The days are long and the nights are short.,,page-literal,初筛未提示文字差异,,只表示自动初筛没有文字差异；自然度、音色、词性变音和音标仍需人工听审。,The days are long and the nights are short.,未做第二模型,3144,210,待逐条人工听审,,,
lesson53/audio/the_days_are_short_and_the_nights_are_long.mp3,eb0b0ecffd2363992d0ef514034081033610bb07d7693de4e216ebfa43c6e2f2,lesson53,The days are short and the nights are long.,,page-literal,初筛未提示文字差异,,只表示自动初筛没有文字差异；自然度、音色、词性变音和音标仍需人工听审。,The days are short and the nights are long.,未做第二模型,3216,220,待逐条人工听审,,,
lesson53/audio/the_sun_rises_early_and_sets_late.mp3,9577790482c430bb1278311a8301940ca3f129ae0392a0b670e66e9c07a27451,lesson53,The sun rises early and sets late.,,page-literal,初筛未提示文字差异,,只表示自动初筛没有文字差异；自然度、音色、词性变音和音标仍需人工听审。,The sun rises early and sets late.,未做第二模型,3120,240,待逐条人工听审,,,
lesson53/audio/the_sun_rises_late_and_sets_early.mp3,e7821f82640d89da876cb0eb32e91b3f77c54de882db78f5a3a278d08dd6933a,lesson53,The sun rises late and sets early.,,page-literal,初筛未提示文字差异,,只表示自动初筛没有文字差异；自然度、音色、词性变音和音标仍需人工听审。,The sun rises late and sets early.,未做第二模型,3072,230,待逐条人工听审,,,
lesson53/audio/west.mp3,7723e9894f78c2db89245d4a005b2fd2456af2fbb98808b0ba14fd3603cdaea0,lesson53,west,,page-literal,初筛未提示文字差异,,只表示自动初筛没有文字差异；自然度、音色、词性变音和音标仍需人工听审。,West,未做第二模型,1776,210,待逐条人工听审,,,
lesson53/audio/wet.mp3,573164f5c1da854f0e39a023384078fd6c4b389263dff92526a19348a41b45bc,lesson53,wet,,page-literal,初筛未提示文字差异,,只表示自动初筛没有文字差异；自然度、音色、词性变音和音标仍需人工听审。,Wet,未做第二模型,1776,220,待逐条人工听审,,,
lesson53/audio/what_s_the_climate_like_in_your_country.mp3,12f82f89a321ae581d87b56503633e949f2ab2e8742d0d2047cd96232477418a,lesson53,What's the climate like in your country?,,page-literal,初筛未提示文字差异,,只表示自动初筛没有文字差异；自然度、音色、词性变音和音标仍需人工听审。,What's the climate like in your country?,未做第二模型,2880,250,待逐条人工听审,,,
lesson53/audio/where_do_you_come_from.mp3,b29938dd3140e8d6710820057cacc940886f50622f2b1fa7eb830e0347ba342e,lesson53,Where do you come from?,,page-literal,初筛未提示文字差异,,只表示自动初筛没有文字差异；自然度、音色、词性变音和音标仍需人工听审。,Where do you come from?,未做第二模型,2112,250,待逐条人工听审,,,
lesson53/audio/which_seasons_do_you_like_best.mp3,38d19d40cee82f9893b46830ace606ae59aa19c0c68425083507995d4739c57b,lesson53,Which seasons do you like best?,,page-literal,初筛未提示文字差异,,只表示自动初筛没有文字差异；自然度、音色、词性变音和音标仍需人工听审。,Which seasons do you like best?,未做第二模型,2808,260,待逐条人工听审,,,
lesson53/audio/windy.mp3,8778031c5854bc2b0d8dcd6031f3fb6817502500ab0e19e993265fd7c78eea5f,lesson53,windy,,page-literal,初筛未提示文字差异,,只表示自动初筛没有文字差异；自然度、音色、词性变音和音标仍需人工听审。,Windy,未做第二模型,1776,220,待逐条人工听审,,,
lesson53/audio/winter.mp3,1601b111bc283581fec89e0dbc8ad8102a4c2c92a5e40c51ae4425e918eed509,lesson53,winter,,page-literal,初筛未提示文字差异,,只表示自动初筛没有文字差异；自然度、音色、词性变音和音标仍需人工听审。,Winter,未做第二模型,1776,230,待逐条人工听审,,,
lesson54/audio/are_they_japanese.mp3,f7a740bcfe8fdd344eff9ef6c14418e3424b280fb93b2ad8055d51090d0e90ec,lesson54,are they japanese,,filename-inferred,初筛未提示文字差异,,只表示自动初筛没有文字差异；自然度、音色、词性变音和音标仍需人工听审。,Are they Japanese?,未做第二模型,1800,190,待逐条人工听审,,,
lesson54/audio/australia.mp3,0792452b896218c44d0c74d77d410b15f58e34ad395fa6038891e77cdbee71a4,lesson54,Australia,,rendered-page,初筛未提示文字差异,,只表示自动初筛没有文字差异；自然度、音色、词性变音和音标仍需人工听审。,Australia,未做第二模型,1776,260,待逐条人工听审,,,
lesson54/audio/australian.mp3,819c16774bd2acf501b5c79d1017c0f1e7c66a8c6138ee4420e3c3ed474a4c1f,lesson54,Australian,,rendered-page,初筛未提示文字差异,,只表示自动初筛没有文字差异；自然度、音色、词性变音和音标仍需人工听审。,Australian,未做第二模型,1776,260,待逐条人工听审,,,
lesson54/audio/austria.mp3,97bb66cc740f455737a8acb66fd5f7d11855df36eb2fd7a5b199141bdf831dc6,lesson54,Austria,,rendered-page,初筛未提示文字差异,,只表示自动初筛没有文字差异；自然度、音色、词性变音和音标仍需人工听审。,Austria,未做第二模型,1776,220,待逐条人工听审,,,
lesson54/audio/austrian.mp3,749cbf5d77bf8f182f172a995f15f2e311276a07e6f0ca9d05188c7975c8742b,lesson54,Austrian,,rendered-page,初筛未提示文字差异,,只表示自动初筛没有文字差异；自然度、音色、词性变音和音标仍需人工听审。,Austrian,未做第二模型,1776,220,待逐条人工听审,,,
lesson54/audio/brazil.mp3,be943168192c735a2f842f5166e35a28bc4c4dab248accaad9bb0823faae05ae,lesson54,brazil,,filename-inferred,初筛未提示文字差异,,只表示自动初筛没有文字差异；自然度、音色、词性变音和音标仍需人工听审。,Brazil,未做第二模型,1776,230,待逐条人工听审,,,
lesson54/audio/brazilian.mp3,33fdf5852a38399b59ad80c520bbaeb3d51a1d7bfc0b963668e10c13ce2075c9,lesson54,brazilian,,filename-inferred,初筛未提示文字差异,,只表示自动初筛没有文字差异；自然度、音色、词性变音和音标仍需人工听审。,Brazilian,未做第二模型,1776,260,待逐条人工听审,,,
lesson54/audio/canada.mp3,5ff55250639c31f60e51ba18b0c1f622f6cb6bccfa2f0e6086182524d186f62c,lesson54,Canada,,rendered-page,初筛未提示文字差异,,只表示自动初筛没有文字差异；自然度、音色、词性变音和音标仍需人工听审。,Canada,未做第二模型,1776,240,待逐条人工听审,,,
lesson54/audio/canadian.mp3,11657992000734aaf1c8a90b52428139f8f756724bad9fea44671cea372f4da7,lesson54,Canadian,,rendered-page,初筛未提示文字差异,,只表示自动初筛没有文字差异；自然度、音色、词性变音和音标仍需人工听审。,Canadian,未做第二模型,1776,260,待逐条人工听审,,,
lesson54/audio/china.mp3,2f48f91dafc25ed623a70bdfd5bf6fb55408dfbf69f00138dd90eb2a8e9ffe88,lesson54,China,,rendered-page,初筛未提示文字差异,,只表示自动初筛没有文字差异；自然度、音色、词性变音和音标仍需人工听审。,China,未做第二模型,1776,210,待逐条人工听审,,,
lesson54/audio/chinese.mp3,9c24eff7d73987f15e6388ff6ada941be4fe739214c92d69b7d37371bfeaa1a7,lesson54,Chinese,,rendered-page,初筛未提示文字差异,,只表示自动初筛没有文字差异；自然度、音色、词性变音和音标仍需人工听审。,Chinese,未做第二模型,1776,210,待逐条人工听审,,,
lesson54/audio/does_he_like_ice_cream.mp3,635478f8dac731de49b4ea8d950e379010b27faf08532633af682b1bcf700dd9,lesson54,does he like ice cream,,filename-inferred,初筛未提示文字差异,,只表示自动初筛没有文字差异；自然度、音色、词性变音和音标仍需人工听审。,Does he like ice cream?,未做第二模型,2352,230,待逐条人工听审,,,
lesson54/audio/does_mrs_jones_want_a_biscuit.mp3,66c8692be8aaf3b2601d1d864010fede516996b69148c5b92aa82cb995b94b37,lesson54,does mrs jones want a biscuit,,filename-inferred,初筛未提示文字差异,,只表示自动初筛没有文字差异；自然度、音色、词性变音和音标仍需人工听审。,Does Mrs. Jones want a biscuit?,未做第二模型,2736,220,待逐条人工听审,,,
lesson54/audio/finland.mp3,06f080c1bc04505bbf45ac4e4c847145391e277a96b67a154bfa79f8efeb0ba3,lesson54,Finland,,rendered-page,初筛未提示文字差异,,只表示自动初筛没有文字差异；自然度、音色、词性变音和音标仍需人工听审。,Finland,未做第二模型,1776,250,待逐条人工听审,,,
lesson54/audio/he_comes_from_austria.mp3,8b783962a19af13853bbacde3ab8693a7d22e210405771095be9505af7592142,lesson54,He comes from Austria.,,rendered-page,初筛未提示文字差异,,只表示自动初筛没有文字差异；自然度、音色、词性变音和音标仍需人工听审。,He comes from Austria.,未做第二模型,2376,290,待逐条人工听审,,,
lesson54/audio/he_comes_from_canada.mp3,41f95aa942656013b1cf5ce8bef8c388e911a365269204a5a27f3a85431f30ad,lesson54,He comes from Canada.,,rendered-page,初筛未提示文字差异,,只表示自动初筛没有文字差异；自然度、音色、词性变音和音标仍需人工听审。,He comes from Canada.,未做第二模型,2352,290,待逐条人工听审,,,
lesson54/audio/he_doesn_t_like_ice_cream.mp3,dac56a42be8d33645487f2025834655e0e37635908c3bb8942053ab9fa26d62d,lesson54,he doesn t like ice cream,,filename-inferred,初筛未提示文字差异,,只表示自动初筛没有文字差异；自然度、音色、词性变音和音标仍需人工听审。,He doesn't like ice cream.,未做第二模型,2544,260,待逐条人工听审,,,
lesson54/audio/he_likes_ice_cream.mp3,09a498e84adb50f2ebab273650e9f34c77da23fb38814e0dad6e334d505e9cfc,lesson54,He likes ice cream.,,rendered-page,初筛未提示文字差异,,只表示自动初筛没有文字差异；自然度、音色、词性变音和音标仍需人工听审。,He likes ice cream.,未做第二模型,2352,260,待逐条人工听审,,,
lesson54/audio/he_s_austrian.mp3,2179df211cc78f0f30363873ee56f56456df6e84b2514f3d9ca4adc90c8c1dca,lesson54,He's Austrian.,,rendered-page,初筛未提示文字差异,,只表示自动初筛没有文字差异；自然度、音色、词性变音和音标仍需人工听审。,He's Austrian.,未做第二模型,1992,280,待逐条人工听审,,,
lesson54/audio/he_s_canadian.mp3,1173518a3e968577fd94f7096b05636207ffc6fdfb0cfad15887a73a877365e6,lesson54,He's Canadian.,,rendered-page,初筛未提示文字差异,,只表示自动初筛没有文字差异；自然度、音色、词性变音和音标仍需人工听审。,He's Canadian.,未做第二模型,2040,300,待逐条人工听审,,,
lesson54/audio/i_come_from_australia.mp3,e2560e012839099e04222d01d57fd0550a63ec4e4de42786ba03e4fdb38588be,lesson54,I come from Australia.,,rendered-page,初筛未提示文字差异,,只表示自动初筛没有文字差异；自然度、音色、词性变音和音标仍需人工听审。,I come from Australia.,未做第二模型,2088,200,待逐条人工听审,,,
lesson54/audio/i_come_from_south_korea.mp3,4aec94c070fd2a00e55b0f590b17491c07119e2410afb810cbfdc9e47cf2b15f,lesson54,I come from South Korea.,,rendered-page,初筛未提示文字差异,,只表示自动初筛没有文字差异；自然度、音色、词性变音和音标仍需人工听审。,I come from South Korea.,未做第二模型,2208,200,待逐条人工听审,,,
lesson54/audio/i_m_australian.mp3,dc280b47528087085d6026eca1aa98b9faabcba0dd9e49998daad561286a11ea,lesson54,I'm Australian.,,rendered-page,初筛未提示文字差异,,只表示自动初筛没有文字差异；自然度、音色、词性变音和音标仍需人工听审。,I'm Australian.,未做第二模型,1776,240,待逐条人工听审,,,
lesson54/audio/i_m_south_korean.mp3,01bfbf1b96dc92cde57760f2e926bff58a1d39bb46bd39ba3816ea6e4a4b917b,lesson54,I'm South Korean.,,rendered-page,初筛未提示文字差异,,只表示自动初筛没有文字差异；自然度、音色、词性变音和音标仍需人工听审。,I'm South Korean.,未做第二模型,1776,200,待逐条人工听审,,,
lesson54/audio/india.mp3,f9d4dd00cc2ec671ebfc562f1fd323dc3fcc7e51b44a9883d26c11fa70de675a,lesson54,India,,rendered-page,初筛未提示文字差异,,只表示自动初筛没有文字差异；自然度、音色、词性变音和音标仍需人工听审。,India,未做第二模型,1776,260,待逐条人工听审,,,
lesson54/audio/indian.mp3,6940a9f7344aac20e377d95767c6ee71bfc3366da3a4afe86aa723da635176d9,lesson54,Indian,,rendered-page,初筛未提示文字差异,,只表示自动初筛没有文字差异；自然度、音色、词性变音和音标仍需人工听审。,Indian,未做第二模型,1776,260,待逐条人工听审,,,
lesson54/audio/is_he_brazilian.mp3,c15da6829c3e5735e5d1b5006137ff8d8256b232ad27e1b56dca1880a7aec914,lesson54,Is he Brazilian?,,rendered-page,初筛未提示文字差异,,只表示自动初筛没有文字差异；自然度、音色、词性变音和音标仍需人工听审。,Is he Brazilian?,未做第二模型,2040,260,待逐条人工听审,,,
lesson54/audio/japan.mp3,19f2f069cedaf2fd6d6d7fbf2d1a943413af676c97e15a013c97b481f5204d90,lesson54,Japan,,rendered-page,初筛未提示文字差异,,只表示自动初筛没有文字差异；自然度、音色、词性变音和音标仍需人工听审。,Japan,未做第二模型,1776,210,待逐条人工听审,,,
lesson54/audio/japanese.mp3,5c717bb4280b7f26aacb755e7a593bebe2641ff3d8cc97103f936f50d58fd25c,lesson54,Japanese,,rendered-page,初筛未提示文字差异,,只表示自动初筛没有文字差异；自然度、音色、词性变音和音标仍需人工听审。,Japanese,未做第二模型,1776,230,待逐条人工听审,,,
lesson54/audio/jim_comes_from_england.mp3,64512f5f1ef7e7f35271c2da78ec256ff8537bc900497db3fd94acc75ca576a2,lesson54,Jim comes from England.,,rendered-page,初筛未提示文字差异,,只表示自动初筛没有文字差异；自然度、音色、词性变音和音标仍需人工听审。,Jim comes from England.,未做第二模型,2448,230,待逐条人工听审,,,
lesson54/audio/jim_doesn_t_come_from_england.mp3,7401894e0415cdbc2d4fde5187761b517b3f76dbc5e019ae71228fa5fa35b05f,lesson54,jim doesn t come from england,,filename-inferred,初筛未提示文字差异,,只表示自动初筛没有文字差异；自然度、音色、词性变音和音标仍需人工听审。,Jim doesn't come from England.,未做第二模型,2664,220,待逐条人工听审,,,
lesson54/audio/mrs_jones_doesn_t_want_a_biscuit.mp3,08de4e48a5910645723fff8daa00bcf727e7983bb0f5acfe106605abe66b24ae,lesson54,mrs jones doesn t want a biscuit,,filename-inferred,初筛未提示文字差异,,只表示自动初筛没有文字差异；自然度、音色、词性变音和音标仍需人工听审。,Mrs. Jones doesn't want a biscuit.,未做第二模型,2856,200,待逐条人工听审,,,
lesson54/audio/mrs_jones_wants_a_biscuit.mp3,a58f405cd744755fd75670b7f2f85025ba98920aa20331f792bfef2b95233078,lesson54,Mrs. Jones wants a biscuit.,,rendered-page,初筛未提示文字差异,,只表示自动初筛没有文字差异；自然度、音色、词性变音和音标仍需人工听审。,Mrs. Jones wants a biscuit.,未做第二模型,2544,200,待逐条人工听审,,,
lesson54/audio/nigeria.mp3,733efa4eebcc42bc8bea0f36d2d544b403f12040ebbd23183cab032803f0168f,lesson54,Nigeria,,rendered-page,初筛未提示文字差异,,只表示自动初筛没有文字差异；自然度、音色、词性变音和音标仍需人工听审。,Nigeria,未做第二模型,1776,250,待逐条人工听审,,,
lesson54/audio/nigerian.mp3,a3d58f898b3d1b49bfb023259206477aa326072b668a1a6f1373480749e572f2,lesson54,Nigerian,,rendered-page,初筛未提示文字差异,,只表示自动初筛没有文字差异；自然度、音色、词性变音和音标仍需人工听审。,Nigerian,未做第二模型,1776,250,待逐条人工听审,,,
lesson54/audio/poland.mp3,4f88a734c6b00c6aa6842c4ec576ed3ceefccb997686a1be52e29bc2968bbf2c,lesson54,Poland,,rendered-page,初筛未提示文字差异,,只表示自动初筛没有文字差异；自然度、音色、词性变音和音标仍需人工听审。,Poland,未做第二模型,1776,270,待逐条人工听审,,,
lesson54/audio/polish.mp3,3f7323679a315eb19c0898f5bdd0e4d6aad70a64a0f87878bb38a9430b1f8d0e,lesson54,Polish,,rendered-page,初筛未提示文字差异,,只表示自动初筛没有文字差异；自然度、音色、词性变音和音标仍需人工听审。,Polish,未做第二模型,1776,270,待逐条人工听审,,,
lesson54/audio/she_comes_from_india.mp3,f40ac130a7731c0db03d5890652b7b0aa40bc5df96c3deb23f2365a0f63cb5fa,lesson54,She comes from India.,,rendered-page,初筛未提示文字差异,,只表示自动初筛没有文字差异；自然度、音色、词性变音和音标仍需人工听审。,She comes from India.,未做第二模型,1944,200,待逐条人工听审,,,
lesson54/audio/she_comes_from_thailand.mp3,e47c5106b437fb9344d41694a45ad586e45ad2154936c8331619c7d6e9209f74,lesson54,She comes from Thailand.,,rendered-page,初筛未提示文字差异,,只表示自动初筛没有文字差异；自然度、音色、词性变音和音标仍需人工听审。,She comes from Thailand.,未做第二模型,2136,200,待逐条人工听审,,,
lesson54/audio/she_comes_from_turkey.mp3,e990e5ca57603950800115037787518ae17c6c45d080376a5998890fadedbfbe,lesson54,She comes from Turkey.,,rendered-page,初筛未提示文字差异,,只表示自动初筛没有文字差异；自然度、音色、词性变音和音标仍需人工听审。,She comes from Turkey.,未做第二模型,1968,200,待逐条人工听审,,,
lesson54/audio/she_is_thai.mp3,a13c8737ab8a11cfeca100b16d4d664fad4c8badae75525c84f1e26050519606,lesson54,She is Thai.,,rendered-page,初筛未提示文字差异,,只表示自动初筛没有文字差异；自然度、音色、词性变音和音标仍需人工听审。,She is Thai.,未做第二模型,1776,200,待逐条人工听审,,,
lesson54/audio/she_s_indian.mp3,a6455477f7fef7a33b47aaae68c311a14cc87c19d8b55170a12f6cdaab928414,lesson54,She's Indian.,,rendered-page,初筛未提示文字差异,,只表示自动初筛没有文字差异；自然度、音色、词性变音和音标仍需人工听审。,She's Indian.,未做第二模型,1776,240,待逐条人工听审,,,
lesson54/audio/she_s_turkish.mp3,bf315b0f1d517a8fe5ff11fbc6f7d543dd1c0b3288a67786cfaaa0f5f9519935,lesson54,She's Turkish.,,rendered-page,初筛未提示文字差异,,只表示自动初筛没有文字差异；自然度、音色、词性变音和音标仍需人工听审。,She's Turkish.,未做第二模型,1776,180,待逐条人工听审,,,
lesson54/audio/south_korea.mp3,6208d59f26ee7a9f8aae0baa04b8e4cba0208d12546d56bbac6e3bc876c2fc26,lesson54,South Korea,,rendered-page,初筛未提示文字差异,,只表示自动初筛没有文字差异；自然度、音色、词性变音和音标仍需人工听审。,South Korea,未做第二模型,1776,250,待逐条人工听审,,,
lesson54/audio/south_korean.mp3,1f96b068db970befaf1518091e82fef9aeea790d3760b0397176401dff9921e7,lesson54,South Korean,,rendered-page,初筛未提示文字差异,,只表示自动初筛没有文字差异；自然度、音色、词性变音和音标仍需人工听审。,South Korean,未做第二模型,1776,250,待逐条人工听审,,,
lesson54/audio/thai.mp3,7d1b14d4bda98fff7d1c62c480ec590aec386a96b07906d017dbebfc5226344c,lesson54,Thai,,rendered-page,初筛未提示文字差异,,只表示自动初筛没有文字差异；自然度、音色、词性变音和音标仍需人工听审。,Thai,未做第二模型,1776,210,待逐条人工听审,,,
lesson54/audio/thailand.mp3,5349e43ae6c5a848aa0a734baec763a4fb594292254fefe8fcbbeca39a809712,lesson54,Thailand,,rendered-page,初筛未提示文字差异,,只表示自动初筛没有文字差异；自然度、音色、词性变音和音标仍需人工听审。,Thailand,未做第二模型,1776,220,待逐条人工听审,,,
lesson54/audio/they_come_from_poland.mp3,e73373952ac8d4b8f892463232201ed8bc9c436ae96bde85ca0a1647f5ebcdba,lesson54,They come from Poland.,,rendered-page,初筛未提示文字差异,,只表示自动初筛没有文字差异；自然度、音色、词性变音和音标仍需人工听审。,They come from Poland.,未做第二模型,1968,210,待逐条人工听审,,,
lesson54/audio/they_re_polish.mp3,f1264b53fec6407103e626f01741960a0f11e6ef9541647661cd05119c6fcd41,lesson54,They're Polish.,,rendered-page,初筛未提示文字差异,,只表示自动初筛没有文字差异；自然度、音色、词性变音和音标仍需人工听审。,They're Polish.,未做第二模型,1776,250,待逐条人工听审,,,
lesson54/audio/turkey.mp3,8ae3b12c03cfa8bd1870b11f40f4c2e46f5bc967d55e7be955996471dea5cc1d,lesson54,Turkey,,rendered-page,初筛未提示文字差异,,只表示自动初筛没有文字差异；自然度、音色、词性变音和音标仍需人工听审。,Turkey,未做第二模型,1776,250,待逐条人工听审,,,
lesson54/audio/turkish.mp3,00044470012a63c3ab8c9a3bcd44516ca02d33c6b55fb9451f3681bdffa0c462,lesson54,Turkish,,rendered-page,初筛未提示文字差异,,只表示自动初筛没有文字差异；自然度、音色、词性变音和音标仍需人工听审。,Turkish,未做第二模型,1776,260,待逐条人工听审,,,
lesson54/audio/we_come_from_china.mp3,2ae669333db96ab809f6fa47c36183d2c2cbe2783a8e5dcb1b726a7e706a8b3b,lesson54,We come from China.,,rendered-page,初筛未提示文字差异,,只表示自动初筛没有文字差异；自然度、音色、词性变音和音标仍需人工听审。,We come from China.,未做第二模型,1896,200,待逐条人工听审,,,
lesson54/audio/we_come_from_nigeria.mp3,48a0f9f17de6b956da683388565926fe41a4917d4fcdbe5e37b30d13ea1ba473,lesson54,We come from Nigeria.,,rendered-page,初筛未提示文字差异,,只表示自动初筛没有文字差异；自然度、音色、词性变音和音标仍需人工听审。,We come from Nigeria.,未做第二模型,2112,200,待逐条人工听审,,,
lesson54/audio/we_re_chinese.mp3,fbf4ab7627318f6e78848fb7bab17a2656084d2a58deb3a688e60afcdfba840a,lesson54,We're Chinese.,,rendered-page,初筛未提示文字差异,,只表示自动初筛没有文字差异；自然度、音色、词性变音和音标仍需人工听审。,We're Chinese.,未做第二模型,1776,210,待逐条人工听审,,,
lesson54/audio/we_re_nigerian.mp3,6260edcb96e779bbc7cc652265b8ef4f06381f3e3dbc698561a23ea895b1e2d4,lesson54,We're Nigerian.,,rendered-page,初筛未提示文字差异,,只表示自动初筛没有文字差异；自然度、音色、词性变音和音标仍需人工听审。,We're Nigerian.,未做第二模型,1776,210,待逐条人工听审,,,
lesson54/audio/what_nationality_are_they.mp3,2e4501f2542d5512d7f6786a41ce6c181670da4348749e18d603b9efe79e663f,lesson54,What nationality are they?,,page-literal,初筛未提示文字差异,,只表示自动初筛没有文字差异；自然度、音色、词性变音和音标仍需人工听审。,What nationality are they?,未做第二模型,2376,250,待逐条人工听审,,,
lesson54/audio/what_nationality_are_you.mp3,1728b14582ac720c0adb51a74539c05d2b6c8c1ba3cc639ed8ac2ed6ceab7dc1,lesson54,what nationality are you,,filename-inferred,初筛未提示文字差异,,只表示自动初筛没有文字差异；自然度、音色、词性变音和音标仍需人工听审。,What nationality are you?,未做第二模型,2304,250,待逐条人工听审,,,
lesson54/audio/where_do_they_come_from.mp3,938982309036219a62e0080e298bbb7b6068909a02fa9c1824012aaa4e58cca1,lesson54,where do they come from,,filename-inferred,初筛未提示文字差异,,只表示自动初筛没有文字差异；自然度、音色、词性变音和音标仍需人工听审。,Where do they come from?,未做第二模型,1800,200,待逐条人工听审,,,
lesson54/audio/where_do_you_come_from.mp3,6c162d24246c31a804ab3c2f943858b41a37737705549f97d6654842935773ce,lesson54,where do you come from,,filename-inferred,初筛未提示文字差异,,只表示自动初筛没有文字差异；自然度、音色、词性变音和音标仍需人工听审。,Where do you come from?,未做第二模型,1824,210,待逐条人工听审,,,
lesson54/audio/where_does_he_come_from.mp3,291cf48b0452958cf6c5c3ff8f9d33245275cd174b6a62866de341876aca3c6d,lesson54,Where does he come from?,,rendered-page,初筛未提示文字差异,,只表示自动初筛没有文字差异；自然度、音色、词性变音和音标仍需人工听审。,Where does he come from?,未做第二模型,2208,260,待逐条人工听审,,,
lesson54/audio/yes_they_re_japanese_they_come_from_japan.mp3,977424163e6b3e0c4bd93bf1bf809484ba37af3efb88d811c7524333de0661e5,lesson54,yes they re japanese they come from japan,,filename-inferred,初筛未提示文字差异,,只表示自动初筛没有文字差异；自然度、音色、词性变音和音标仍需人工听审。,Yes. They're Japanese. They come from Japan.,未做第二模型,4392,170,待逐条人工听审,,,
lesson54/audio/you_come_from_finland.mp3,0c4de4a35ac20a8e8190798093e6ccbeacc31554100dbbadbdf4c16300aae1df,lesson54,You come from Finland.,,rendered-page,初筛未提示文字差异,,只表示自动初筛没有文字差异；自然度、音色、词性变音和音标仍需人工听审。,You come from Finland.,未做第二模型,2376,240,待逐条人工听审,,,
lesson54/audio/you_come_from_japan.mp3,d1f51017d19828d8c97e2ab178eb70a8129a9f338487a75ce47da76517a3e6c3,lesson54,You come from Japan.,,rendered-page,初筛未提示文字差异,,只表示自动初筛没有文字差异；自然度、音色、词性变音和音标仍需人工听审。,You come from Japan.,未做第二模型,1944,200,待逐条人工听审,,,
soundmark/audio/apple.mp3,4b35a9af192af6f00df679c4a1efad4611d380b2187a854dc18b670a3478d0ad,soundmark,apple,,page-literal,初筛未提示文字差异,,只表示自动初筛没有文字差异；自然度、音色、词性变音和音标仍需人工听审。,Apple,未做第二模型,1296,280,待逐条人工听审,,,
soundmark/audio/bad.mp3,948a46e005ddc9b5b180e71e6104ceb66ee0fa790d62259797e457771b6e1d58,soundmark,bad,,page-literal,初筛未提示文字差异,,只表示自动初筛没有文字差异；自然度、音色、词性变音和音标仍需人工听审。,Bad.,未做第二模型,1776,250,待逐条人工听审,,,
soundmark/audio/beds.mp3,ae83240374647610b95e05228e995551b1d3a2d41f91e74fc4149832f3fd8d9b,soundmark,beds,,page-literal,初筛未提示文字差异,,只表示自动初筛没有文字差异；自然度、音色、词性变音和音标仍需人工听审。,Beds,未做第二模型,1296,260,待逐条人工听审,,,
soundmark/audio/bet.mp3,69f89ac96ab54062737bdf7432ca0febb93b233abb2fbc30bad3709d93cce38c,soundmark,bet,,page-literal,初筛未提示文字差异,,只表示自动初筛没有文字差异；自然度、音色、词性变音和音标仍需人工听审。,Bet.,未做第二模型,1128,220,待逐条人工听审,,,
soundmark/audio/bit.mp3,cf77de2380f84fab4f46b48a15b47a8c6a1e4b56511c1843ef83d81927b09471,soundmark,bit,,page-literal,初筛未提示文字差异,,只表示自动初筛没有文字差异；自然度、音色、词性变音和音标仍需人工听审。,Bit.,未做第二模型,1776,200,待逐条人工听审,,,
soundmark/audio/blue.mp3,47a0dccf4ee4df2cd45edea4a80460698fb40443e07ccecae263ea75ff0a720a,soundmark,blue,,page-literal,初筛未提示文字差异,,只表示自动初筛没有文字差异；自然度、音色、词性变音和音标仍需人工听审。,Blue,未做第二模型,1776,260,待逐条人工听审,,,
soundmark/audio/book.mp3,387b10531f57e09dd11acbc8f746b2a6fdd94f37bfdd18c91dcb41f5a8ce8fbb,soundmark,book,,page-literal,初筛未提示文字差异,,只表示自动初筛没有文字差异；自然度、音色、词性变音和音标仍需人工听审。,Book.,未做第二模型,1776,220,待逐条人工听审,,,
soundmark/audio/boy.mp3,77dbdf632dfac7f3a29795a49d56d8e701a933930e702ae69c1847c4193277ca,soundmark,boy,,page-literal,初筛未提示文字差异,,只表示自动初筛没有文字差异；自然度、音色、词性变音和音标仍需人工听审。,Boy,未做第二模型,1776,250,待逐条人工听审,,,
soundmark/audio/bush.mp3,87d79f0d1a2663ccf7f5c41f8fbd6accc8f132886379574a32819df85acf95e0,soundmark,bush,,page-literal,初筛未提示文字差异,,只表示自动初筛没有文字差异；自然度、音色、词性变音和音标仍需人工听审。,Bush.,未做第二模型,1776,220,待逐条人工听审,,,
soundmark/audio/business.mp3,b64274f3f0cd352b52ec5327b94ddf778c74b85f2b54060716ce7f99953c735a,soundmark,business,,page-literal,初筛未提示文字差异,,只表示自动初筛没有文字差异；自然度、音色、词性变音和音标仍需人工听审。,Business,未做第二模型,1776,220,待逐条人工听审,,,
soundmark/audio/cake.mp3,c3f75ad61aff5a8f88da7be482b9f2c288ae8c5456aba8c8bd58b2a666a4844b,soundmark,cake,,page-literal,初筛未提示文字差异,,只表示自动初筛没有文字差异；自然度、音色、词性变音和音标仍需人工听审。,Cake,未做第二模型,1776,260,待逐条人工听审,,,
soundmark/audio/car.mp3,3acd21d46445c2e6976b8edb025b4553165ab3bcda588df29fb1e0e30eee3de4,soundmark,car,,page-literal,初筛未提示文字差异,,只表示自动初筛没有文字差异；自然度、音色、词性变音和音标仍需人工听审。,car,未做第二模型,1776,220,待逐条人工听审,,,
soundmark/audio/cats.mp3,fe777f606b0dfe6e8f970730014996f9c38eb5ae7c198b5d129c07f59007fd52,soundmark,cats,,page-literal,初筛未提示文字差异,,只表示自动初筛没有文字差异；自然度、音色、词性变音和音标仍需人工听审。,Cats,未做第二模型,1776,220,待逐条人工听审,,,
soundmark/audio/characteristic.mp3,db1afa79a818ea3bb742b49fcb22e5d720686ff11e98c37176e78b681ca997dc,soundmark,characteristic,,page-literal,初筛未提示文字差异,,只表示自动初筛没有文字差异；自然度、音色、词性变音和音标仍需人工听审。,Characteristic,未做第二模型,1968,220,待逐条人工听审,,,
soundmark/audio/cheap.mp3,7403823560db64ce908dbfe8ff5f9ca70d67837537b1d004af731619222e06ce,soundmark,cheap,,page-literal,初筛未提示文字差异,,只表示自动初筛没有文字差异；自然度、音色、词性变音和音标仍需人工听审。,cheap,未做第二模型,1776,240,待逐条人工听审,,,
soundmark/audio/chip.mp3,dd18cdbb8b9e7c861f5af2015ccb4ebe2d7185455d16dc8e7a2f5ba6358bdd70,soundmark,chip,,page-literal,初筛未提示文字差异,,只表示自动初筛没有文字差异；自然度、音色、词性变音和音标仍需人工听审。,Chip,未做第二模型,1776,250,待逐条人工听审,,,
soundmark/audio/click.mp3,2e4d641dd409bab88075cb8efbd3b0baa98742c2f3c9e5fc4a5ca7a2252a9851,soundmark,click,,page-literal,初筛未提示文字差异,,只表示自动初筛没有文字差异；自然度、音色、词性变音和音标仍需人工听审。,Click.,未做第二模型,1776,210,待逐条人工听审,,,
soundmark/audio/communication.mp3,14c0321f1ac249efe7750d21e32bf7ce20f6a747a8f1cd23a017c8fb8f110eaf,soundmark,communication,,page-literal,初筛未提示文字差异,,只表示自动初筛没有文字差异；自然度、音色、词性变音和音标仍需人工听审。,Communication,未做第二模型,1848,240,待逐条人工听审,,,
soundmark/audio/cook.mp3,bab5c4b60f89df0dac944f589ad20c398b686f03f178bb95ee935e368a14f9e4,soundmark,cook,,page-literal,初筛未提示文字差异,,只表示自动初筛没有文字差异；自然度、音色、词性变音和音标仍需人工听审。,Cook.,未做第二模型,1128,220,待逐条人工听审,,,
soundmark/audio/cool.mp3,a2a76efad5550e03b7ce2a2c6c4673926809c0376eb1ecd407803a463a2e0f83,soundmark,cool,,page-literal,初筛未提示文字差异,,只表示自动初筛没有文字差异；自然度、音色、词性变音和音标仍需人工听审。,Cool.,未做第二模型,1776,220,待逐条人工听审,,,
soundmark/audio/could.mp3,565455ca3946cc2927db8c7b2c50bdc20e66c0c5d9c8ac21ff741af6d65864b4,soundmark,could,,page-literal,初筛未提示文字差异,,只表示自动初筛没有文字差异；自然度、音色、词性变音和音标仍需人工听审。,Could.,未做第二模型,1776,220,待逐条人工听审,,,
soundmark/audio/cow.mp3,9d39ccc7a74112f50e3579bd8b7349db55981e6b6e29fd23545224ca8d315dfd,soundmark,cow,,page-literal,初筛未提示文字差异,,只表示自动初筛没有文字差异；自然度、音色、词性变音和音标仍需人工听审。,Cow.,未做第二模型,1776,220,待逐条人工听审,,,
soundmark/audio/door.mp3,ea5bab3fabbc45a3957b3b6360c7fdfc5b58db434d5e56cde49c4267ba779403,soundmark,door,,page-literal,初筛未提示文字差异,,只表示自动初筛没有文字差异；自然度、音色、词性变音和音标仍需人工听审。,Door.,未做第二模型,1776,260,待逐条人工听审,,,
soundmark/audio/dress.mp3,4a701a4c2615f4e1f3a2e30da8b55d18938dd392265324b664b6c25b2690cb3e,soundmark,dress,,page-literal,初筛未提示文字差异,,只表示自动初筛没有文字差异；自然度、音色、词性变音和音标仍需人工听审。,dress,未做第二模型,1776,250,待逐条人工听审,,,
soundmark/audio/eat.mp3,7d6529d7d6b9688963879726da7fc539413080b839b7a5f810581f103c70aa81,soundmark,eat,,page-literal,初筛未提示文字差异,,只表示自动初筛没有文字差异；自然度、音色、词性变音和音标仍需人工听审。,Eat.,未做第二模型,1776,220,待逐条人工听审,,,
soundmark/audio/egg.mp3,9e7382b64197a7e368502eb540d0a03f3399952255db8835482e5ce1bcb14dc8,soundmark,egg,,page-literal,初筛未提示文字差异,,只表示自动初筛没有文字差异；自然度、音色、词性变音和音标仍需人工听审。,Egg.,未做第二模型,1032,210,待逐条人工听审,,,
soundmark/audio/encyclopedia.mp3,86fc0480762063799d30a01c113083d4d959915261f39d69bf20f273854e0672,soundmark,encyclopedia,,page-literal,初筛未提示文字差异,,只表示自动初筛没有文字差异；自然度、音色、词性变音和音标仍需人工听审。,Encyclopedia,未做第二模型,2064,260,待逐条人工听审,,,
soundmark/audio/fat.mp3,249db029903a9aa3c6a512b058c9ebd80ac10f01b55e1b7743e046de22bdf247,soundmark,fat,,page-literal,初筛未提示文字差异,,只表示自动初筛没有文字差异；自然度、音色、词性变音和音标仍需人工听审。,Fat,未做第二模型,1776,230,待逐条人工听审,,,
soundmark/audio/father.mp3,4b460a9cba76f8734da3c3717e92b283dea13e4ea4de7609b6030e95b3870056,soundmark,father,,page-literal,初筛未提示文字差异,,只表示自动初筛没有文字差异；自然度、音色、词性变音和音标仍需人工听审。,Father,未做第二模型,1776,280,待逐条人工听审,,,
soundmark/audio/feet.mp3,e105559764322b054e0eaeb4c526d0dd2aba8e7babfc4a360299aeda2bacff7a,soundmark,feet,,page-literal,初筛未提示文字差异,,只表示自动初筛没有文字差异；自然度、音色、词性变音和音标仍需人工听审。,feet,未做第二模型,1776,210,待逐条人工听审,,,
soundmark/audio/fish.mp3,b8fb430bd0079fd6832f686391176c5b1213c208fcb9e5851e9915a77870fdc1,soundmark,fish,,page-literal,初筛未提示文字差异,,只表示自动初筛没有文字差异；自然度、音色、词性变音和音标仍需人工听审。,Fish.,未做第二模型,1776,280,待逐条人工听审,,,
soundmark/audio/fit.mp3,487c76b402bc6307ad6bb5037914caf7e9644c1c5e1334821f096de262a80878,soundmark,fit,,page-literal,初筛未提示文字差异,,只表示自动初筛没有文字差异；自然度、音色、词性变音和音标仍需人工听审。,Fit,未做第二模型,1776,210,待逐条人工听审,,,
soundmark/audio/food.mp3,14941ef3bd14c46079aa6e3ba877316c9c25f3fc0ef518af42c85ee8eb0839d6,soundmark,food,,page-literal,初筛未提示文字差异,,只表示自动初筛没有文字差异；自然度、音色、词性变音和音标仍需人工听审。,Food,未做第二模型,1776,240,待逐条人工听审,,,
soundmark/audio/fool.mp3,a053a1264a9db581483fb7198632ff0126c344705207bf1ee3dcaea398a76574,soundmark,fool,,page-literal,初筛未提示文字差异,,只表示自动初筛没有文字差异；自然度、音色、词性变音和音标仍需人工听审。,fool,未做第二模型,1776,230,待逐条人工听审,,,
soundmark/audio/foot.mp3,03747219aa4a3f7b4a41ce6759bc7fc20cbf1c21c619f21491413ce79e881c70,soundmark,foot,,page-literal,初筛未提示文字差异,,只表示自动初筛没有文字差异；自然度、音色、词性变音和音标仍需人工听审。,Foot,未做第二模型,1200,220,待逐条人工听审,,,
soundmark/audio/fox.mp3,223d7fecb3dad1f50c206367e1d0c24defc854c32d7e2a7e545489cdf9c70ccc,soundmark,fox,,page-literal,初筛未提示文字差异,,只表示自动初筛没有文字差异；自然度、音色、词性变音和音标仍需人工听审。,Fox,未做第二模型,1296,210,待逐条人工听审,,,
soundmark/audio/full.mp3,54c07e9678d83313b81d7275a77f002e103672dcad383278ae195ada61b5b30b,soundmark,full,,page-literal,初筛未提示文字差异,,只表示自动初筛没有文字差异；自然度、音色、词性变音和音标仍需人工听审。,full,未做第二模型,1776,210,待逐条人工听审,,,
soundmark/audio/get.mp3,99e58ff746e7959ed1eb26b8b7da2abf6859ad192def55cf7e9b95476cb458a3,soundmark,get,,page-literal,初筛未提示文字差异,,只表示自动初筛没有文字差异；自然度、音色、词性变音和音标仍需人工听审。,Get.,未做第二模型,1776,220,待逐条人工听审,,,
soundmark/audio/good.mp3,0c347af4aca764a93a405849a0a91eacff0acdd42666997ef29cf5f54128dbcf,soundmark,good,,page-literal,初筛未提示文字差异,,只表示自动初筛没有文字差异；自然度、音色、词性变音和音标仍需人工听审。,Good.,未做第二模型,1776,250,待逐条人工听审,,,
soundmark/audio/green.mp3,3ebaba5011ca751099b708ded247ac5d79beea47188829ff5ce5168c478eb7ba,soundmark,green,,page-literal,初筛未提示文字差异,,只表示自动初筛没有文字差异；自然度、音色、词性变音和音标仍需人工听审。,Green,未做第二模型,1776,250,待逐条人工听审,,,
soundmark/audio/hat.mp3,b3900d4fd9bf30a8b7ddf7e33182094b6296e4629d173734bd4e350b1fe28801,soundmark,hat,,page-literal,初筛未提示文字差异,,只表示自动初筛没有文字差异；自然度、音色、词性变音和音标仍需人工听审。,Hat.,未做第二模型,1776,240,待逐条人工听审,,,
soundmark/audio/head.mp3,38df32e6ab010a55794666a34bc0ccbf3f4f62e6b5552e7ca5b714cea48f979d,soundmark,head,,page-literal,初筛未提示文字差异,,只表示自动初筛没有文字差异；自然度、音色、词性变音和音标仍需人工听审。,head,未做第二模型,1776,220,待逐条人工听审,,,
soundmark/audio/heat.mp3,1293638363ba3dc48c19ffe09cb02cf9f6376beb6458cc7f0a4ea1d41ea23e9e,soundmark,heat,,page-literal,初筛未提示文字差异,,只表示自动初筛没有文字差异；自然度、音色、词性变音和音标仍需人工听审。,Heat.,未做第二模型,1776,250,待逐条人工听审,,,
soundmark/audio/hit.mp3,04691dcffd577378414081ef435876d15a1fdf9f514b3775fe01f9fbc30f858c,soundmark,hit,,page-literal,初筛未提示文字差异,,只表示自动初筛没有文字差异；自然度、音色、词性变音和音标仍需人工听审。,Hit.,未做第二模型,1128,230,待逐条人工听审,,,
soundmark/audio/incomprehensible.mp3,45513bf947adbf25cd74caba345c9f37c765de47bfa52767595b3e95010fb8e3,soundmark,incomprehensible,,page-literal,初筛未提示文字差异,,只表示自动初筛没有文字差异；自然度、音色、词性变音和音标仍需人工听审。,incomprehensible,未做第二模型,2112,220,待逐条人工听审,,,
soundmark/audio/international.mp3,71b614218aaa202af17463e963937a8ca030ea9f8f92409e904e32020d16707e,soundmark,international,,page-literal,初筛未提示文字差异,,只表示自动初筛没有文字差异；自然度、音色、词性变音和音标仍需人工听审。,International,未做第二模型,1776,230,待逐条人工听审,,,
soundmark/audio/it.mp3,547003e01a0157ea5f5c8d3888ae06734e0939bf6248b866f370b34d4fe0de70,soundmark,it,,page-literal,初筛未提示文字差异,,只表示自动初筛没有文字差异；自然度、音色、词性变音和音标仍需人工听审。,It.,未做第二模型,1776,220,待逐条人工听审,,,
soundmark/audio/lad.mp3,df3c6f03b097a6a2bafcafe63941b844ed24def3244849ba19591290a098fc21,soundmark,lad,,page-literal,初筛未提示文字差异,,只表示自动初筛没有文字差异；自然度、音色、词性变音和音标仍需人工听审。,LAD,未做第二模型,1176,230,待逐条人工听审,,,
soundmark/audio/lamp.mp3,8f84053ad93fb4a61970f7c35273b750953540537a0cca04c08342a0f7c3515b,soundmark,lamp,,page-literal,初筛未提示文字差异,,只表示自动初筛没有文字差异；自然度、音色、词性变音和音标仍需人工听审。,Lamp,未做第二模型,1776,220,待逐条人工听审,,,
soundmark/audio/language.mp3,233e790fc7cd90d50cde8e849fdb1913967b77c8157313ffe318f25ce51e14bd,soundmark,language,,page-literal,初筛未提示文字差异,,只表示自动初筛没有文字差异；自然度、音色、词性变音和音标仍需人工听审。,language,未做第二模型,1776,230,待逐条人工听审,,,
soundmark/audio/lead.mp3,208d49f930db9f1867923c4ccbb4df909c3cb907b15a882cd739bf6995220099,soundmark,lead,,page-literal,初筛未提示文字差异,,只表示自动初筛没有文字差异；自然度、音色、词性变音和音标仍需人工听审。,Lead.,未做第二模型,1776,240,待逐条人工听审,,,
soundmark/audio/leave.mp3,84a35d9d36223e58a7ee69a3b2f4aa323e896f93fea74903adb4287abeecae33,soundmark,leave,,page-literal,初筛未提示文字差异,,只表示自动初筛没有文字差异；自然度、音色、词性变音和音标仍需人工听审。,Leave.,未做第二模型,1776,220,待逐条人工听审,,,
soundmark/audio/leg.mp3,f759f33f4f4e7211ed89c7d58bb6237cb00bb2d8fcfe3c24ea23c7656fa84200,soundmark,leg,,page-literal,初筛未提示文字差异,,只表示自动初筛没有文字差异；自然度、音色、词性变音和音标仍需人工听审。,leg,未做第二模型,1128,220,待逐条人工听审,,,
soundmark/audio/let.mp3,0f09e756194578b2dc217b0f0563bf4189154adeefa1036de14698b77135a622,soundmark,let,,page-literal,初筛未提示文字差异,,只表示自动初筛没有文字差异；自然度、音色、词性变音和音标仍需人工听审。,Let.,未做第二模型,1776,210,待逐条人工听审,,,
soundmark/audio/look.mp3,931d19bcb7a0bdc10ecdab4d15fd9369f54007e243b3cb1b7de0556445b983b2,soundmark,look,,page-literal,初筛未提示文字差异,,只表示自动初筛没有文字差异；自然度、音色、词性变音和音标仍需人工听审。,Look.,未做第二模型,1776,220,待逐条人工听审,,,
soundmark/audio/luke.mp3,c57003e9e72f5c1af9bad10b47422fd0cd62c926518fc7fb8d2e25a66034021b,soundmark,Luke,,page-literal,初筛未提示文字差异,,只表示自动初筛没有文字差异；自然度、音色、词性变音和音标仍需人工听审。,Luke.,未做第二模型,1776,210,待逐条人工听审,,,
soundmark/audio/meat.mp3,e44baa08c24348801c591ecef603f008eb95fb06a78ae0a1dba3ee04df5efdee,soundmark,meat,,page-literal,初筛未提示文字差异,,只表示自动初筛没有文字差异；自然度、音色、词性变音和音标仍需人工听审。,meat,未做第二模型,1776,220,待逐条人工听审,,,
soundmark/audio/met.mp3,2403a76f8f24d3ba163341454ea866c51737064761e41d1af677913fdc92f283,soundmark,met,,page-literal,初筛未提示文字差异,,只表示自动初筛没有文字差异；自然度、音色、词性变音和音标仍需人工听审。,Met.,未做第二模型,1776,200,待逐条人工听审,,,
soundmark/audio/milk.mp3,6974237c7693884e5185650a499f651ee107a167c4923f221258457015622600,soundmark,milk,,page-literal,初筛未提示文字差异,,只表示自动初筛没有文字差异；自然度、音色、词性变音和音标仍需人工听审。,Milk,未做第二模型,1776,230,待逐条人工听审,,,
soundmark/audio/moon.mp3,f2d63c4dbe1ed4f0d4888c25adde6f957a955834e62ff6039add3e0a72439e95,soundmark,moon,,page-literal,初筛未提示文字差异,,只表示自动初筛没有文字差异；自然度、音色、词性变音和音标仍需人工听审。,Moon,未做第二模型,1152,210,待逐条人工听审,,,
soundmark/audio/nose.mp3,46897236b0724d0cb157b041c520e4994dee5ebc044d1b5a01c6d985b8d64e20,soundmark,nose,,page-literal,初筛未提示文字差异,,只表示自动初筛没有文字差异；自然度、音色、词性变音和音标仍需人工听审。,nose,未做第二模型,1776,250,待逐条人工听审,,,
soundmark/audio/orange.mp3,20ab8a1dc69b16570389e97dbfb248c9784b05696d534dbe59fe891708c0d91c,soundmark,orange,,page-literal,初筛未提示文字差异,,只表示自动初筛没有文字差异；自然度、音色、词性变音和音标仍需人工听审。,Orange,未做第二模型,1776,220,待逐条人工听审,,,
soundmark/audio/ox.mp3,c5d909f5dee9bd473b3aa564617e700239110be62517617fc950de795f21f75d,soundmark,ox,,page-literal,初筛未提示文字差异,,只表示自动初筛没有文字差异；自然度、音色、词性变音和音标仍需人工听审。,OX,未做第二模型,1776,220,待逐条人工听审,,,
soundmark/audio/pat.mp3,46c4a62a6f3cb90d9bcd32642e34b50dc21ba56b904d12d49e72a816d39c8250,soundmark,pat,,page-literal,初筛未提示文字差异,,只表示自动初筛没有文字差异；自然度、音色、词性变音和音标仍需人工听审。,Pat.,未做第二模型,1776,220,待逐条人工听审,,,
soundmark/audio/peach.mp3,848755bd726ec2f688fa00dc6975b7dfd6a6893ba681f30749ae7195de60a319,soundmark,peach,,page-literal,初筛未提示文字差异,,只表示自动初筛没有文字差异；自然度、音色、词性变音和音标仍需人工听审。,Peach.,未做第二模型,1776,240,待逐条人工听审,,,
soundmark/audio/pet.mp3,b1e68295e59a79bf19a9c8425c03bee767736113bfd82d426abe190f100691cd,soundmark,pet,,page-literal,初筛未提示文字差异,,只表示自动初筛没有文字差异；自然度、音色、词性变音和音标仍需人工听审。,pet,未做第二模型,1776,250,待逐条人工听审,,,
soundmark/audio/pig.mp3,64f629694278784632a2a553bf2475635db986ca7832c9abfaa41f2718b724b9,soundmark,pig,,page-literal,初筛未提示文字差异,,只表示自动初筛没有文字差异；自然度、音色、词性变音和音标仍需人工听审。,Pig,未做第二模型,1104,220,待逐条人工听审,,,
soundmark/audio/pin.mp3,82bd26bb32e2c3c4ac75dece6e5df51606a18a834cb8dec718b5818905219b80,soundmark,pin,,page-literal,初筛未提示文字差异,,只表示自动初筛没有文字差异；自然度、音色、词性变音和音标仍需人工听审。,Pin,未做第二模型,1080,220,待逐条人工听审,,,
soundmark/audio/pit.mp3,8dfb3e0bd6dbaeaefb622d51adc50d3958461766db953e74cb10a68b17287397,soundmark,pit,,page-literal,初筛未提示文字差异,,只表示自动初筛没有文字差异；自然度、音色、词性变音和音标仍需人工听审。,Pit.,未做第二模型,1776,220,待逐条人工听审,,,
soundmark/audio/plane.mp3,9e2c308c6315dc7ec714d7cb6395f73796e85c7fcc8b89e445d97dd9ef0bcbf7,soundmark,plane,,page-literal,初筛未提示文字差异,,只表示自动初筛没有文字差异；自然度、音色、词性变音和音标仍需人工听审。,plane,未做第二模型,1200,220,待逐条人工听审,,,
soundmark/audio/pool.mp3,e00214d5b9bb18a4e882482609cefeed0994e4a127e8e618307065697b458e23,soundmark,pool,,page-literal,初筛未提示文字差异,,只表示自动初筛没有文字差异；自然度、音色、词性变音和音标仍需人工听审。,Pool.,未做第二模型,1776,220,待逐条人工听审,,,
soundmark/audio/read.mp3,276662326258dbc7e231626c1c18b02bf82919ae7e4d4cb68fd952239850e9de,soundmark,read,,page-literal,初筛未提示文字差异,,只表示自动初筛没有文字差异；自然度、音色、词性变音和音标仍需人工听审。,Read.,未做第二模型,1776,200,待逐条人工听审,,,
soundmark/audio/rice.mp3,719caabe5275b0d48e6a8a6829c73a69f14c451d929c90b7b6d3e57b0362b6b1,soundmark,rice,,page-literal,初筛未提示文字差异,,只表示自动初筛没有文字差异；自然度、音色、词性变音和音标仍需人工听审。,Rice,未做第二模型,1200,220,待逐条人工听审,,,
soundmark/audio/sat.mp3,0df79e5128c0780e8120cae6b54595f7fb0a7a0b86f2c2285da9133f4279de92,soundmark,sat,,page-literal,初筛未提示文字差异,,只表示自动初筛没有文字差异；自然度、音色、词性变音和音标仍需人工听审。,Sat,未做第二模型,1224,220,待逐条人工听审,,,
soundmark/audio/seat.mp3,e6c56b86d5a5acedd437003e7322124bb690494b2fa0ab14963280ec435405bc,soundmark,seat,,page-literal,初筛未提示文字差异,,只表示自动初筛没有文字差异；自然度、音色、词性变音和音标仍需人工听审。,seat,未做第二模型,1248,220,待逐条人工听审,,,
soundmark/audio/set.mp3,333b8b4a21fcc633e2fb843cf6d2f1b9267d7af4e6f082aa0d13dafed8f851ff,soundmark,set,,page-literal,初筛未提示文字差异,,只表示自动初筛没有文字差异；自然度、音色、词性变音和音标仍需人工听审。,set,未做第二模型,1776,210,待逐条人工听审,,,
soundmark/audio/sheep.mp3,24aba13b68dcfc366a9bdc792268337f9a1e10f232bd75ba6dec7b23b96c5ad8,soundmark,sheep,,page-literal,初筛未提示文字差异,,只表示自动初筛没有文字差异；自然度、音色、词性变音和音标仍需人工听审。,sheep,未做第二模型,1776,210,待逐条人工听审,,,
soundmark/audio/ship.mp3,90f4d51e81dd3d973983a415850c2c6f1e31a19909c2fccbef609f4227de91ea,soundmark,ship,,page-literal,初筛未提示文字差异,,只表示自动初筛没有文字差异；自然度、音色、词性变音和音标仍需人工听审。,Ship,未做第二模型,1776,220,待逐条人工听审,,,
soundmark/audio/sing.mp3,3f87c5c513c4ce8640e7eece5a1aaf06b3827f48771762cdcc793e5d071b30a3,soundmark,sing,,page-literal,初筛未提示文字差异,,只表示自动初筛没有文字差异；自然度、音色、词性变音和音标仍需人工听审。,Sing,未做第二模型,1776,200,待逐条人工听审,,,
soundmark/audio/sit.mp3,3aa204da3619c1e70c8459fb98df03fc72b6f56e7d4d3a9d7bb18b44128b3015,soundmark,sit,,page-literal,初筛未提示文字差异,,只表示自动初筛没有文字差异；自然度、音色、词性变音和音标仍需人工听审。,Sit.,未做第二模型,1776,220,待逐条人工听审,,,
soundmark/audio/snake.mp3,160d46c521d30e684f860fede04e66e314b70886b793c45f9c64d45cffa00565,soundmark,snake,,page-literal,初筛未提示文字差异,,只表示自动初筛没有文字差异；自然度、音色、词性变音和音标仍需人工听审。,Snake.,未做第二模型,1776,220,待逐条人工听审,,,
soundmark/audio/soon.mp3,50adc0a61e2d6102fe74a7e4483ea4435cd61c05dabdd840531b5a23309c08e3,soundmark,soon,,page-literal,初筛未提示文字差异,,只表示自动初筛没有文字差异；自然度、音色、词性变音和音标仍需人工听审。,Soon.,未做第二模型,1776,210,待逐条人工听审,,,
soundmark/audio/sympathetic.mp3,e17901bc02d4cee4ffab02959842468ad3245cb9c5caa26aaaf610e9c89d6ac8,soundmark,sympathetic,,page-literal,初筛未提示文字差异,,只表示自动初筛没有文字差异；自然度、音色、词性变音和音标仍需人工听审。,sympathetic,未做第二模型,1848,220,待逐条人工听审,,,
soundmark/audio/teacher.mp3,c87ef039e4e7d159f996f29d6c52fc8c376730915a403d9e2eb4e898de5c7bb1,soundmark,teacher,,page-literal,初筛未提示文字差异,,只表示自动初筛没有文字差异；自然度、音色、词性变音和音标仍需人工听审。,teacher,未做第二模型,1776,210,待逐条人工听审,,,
soundmark/audio/television.mp3,7d8b52769f4fe4aed7b907dcffcf34936d2695b91fc21a77eab663b5366e2045,soundmark,television,,page-literal,初筛未提示文字差异,,只表示自动初筛没有文字差异；自然度、音色、词性变音和音标仍需人工听审。,Television,未做第二模型,1776,240,待逐条人工听审,,,
soundmark/audio/tell.mp3,1cc07e744af24442b34a664074741e3ec521b24e9ff2e45405998bdc6a96f1b7,soundmark,tell,,page-literal,初筛未提示文字差异,,只表示自动初筛没有文字差异；自然度、音色、词性变音和音标仍需人工听审。,Tell,未做第二模型,1776,220,待逐条人工听审,,,
soundmark/audio/tomato.mp3,70194c3b35dc412317830bb275a76e4cafdea507ba92a861aa0a838850af25fa,soundmark,tomato,,page-literal,初筛未提示文字差异,,只表示自动初筛没有文字差异；自然度、音色、词性变音和音标仍需人工听审。,Tomato,未做第二模型,1776,260,待逐条人工听审,,,
soundmark/audio/tree.mp3,d7b19a42648a11d401572b0f62998ba92369bc1858cbb70380068695431c5f8a,soundmark,tree,,page-literal,初筛未提示文字差异,,只表示自动初筛没有文字差异；自然度、音色、词性变音和音标仍需人工听审。,tree,未做第二模型,1776,220,待逐条人工听审,,,
soundmark/audio/umbrella.mp3,ee088478d8ff0f1acd9e9dd9a5018a3dfe1771351de23a4042d070a5cfd59721,soundmark,umbrella,,page-literal,初筛未提示文字差异,,只表示自动初筛没有文字差异；自然度、音色、词性变音和音标仍需人工听审。,umbrella,未做第二模型,1776,220,待逐条人工听审,,,
soundmark/audio/violin.mp3,550605225ed2c3d7dcc91e97775239a40e2b044b3ae319f33485ef6fa91deca7,soundmark,violin,,page-literal,初筛未提示文字差异,,只表示自动初筛没有文字差异；自然度、音色、词性变音和音标仍需人工听审。,violin,未做第二模型,1776,220,待逐条人工听审,,,
soundmark/audio/water.mp3,8f1f1eac17ef4eb2dc1aed607ccf50443e453ce564ccd5c6534e8e5729495a11,soundmark,water,,page-literal,初筛未提示文字差异,,只表示自动初筛没有文字差异；自然度、音色、词性变音和音标仍需人工听审。,Water,未做第二模型,1776,230,待逐条人工听审,,,
soundmark/audio/yellow.mp3,51e9c3ff5d28e3f120c14753df223f4128517744b8fb791e3b6c820f61286cc8,soundmark,yellow,,page-literal,初筛未提示文字差异,,只表示自动初筛没有文字差异；自然度、音色、词性变音和音标仍需人工听审。,yellow,未做第二模型,1200,240,待逐条人工听审,,,
soundmark/audio/zoo.mp3,d7201696ff2c1d066258bd8db7f43d5a6d2965cc8f5a4f4f8a3cf34e6b1dde01,soundmark,zoo,,page-literal,初筛未提示文字差异,,只表示自动初筛没有文字差异；自然度、音色、词性变音和音标仍需人工听审。,Zoo,未做第二模型,1776,240,待逐条人工听审,,,
unit1-2/audio/l01-d01.mp3,d118425d4d360f2e0bdede4ab0a0552466efb99ce992a8940936618606b04c64,unit1-2,Excuse me!,,audio-manifest,初筛未提示文字差异,,只表示自动初筛没有文字差异；自然度、音色、词性变音和音标仍需人工听审。,Excuse me,未做第二模型,1346,100,待逐条人工听审,,,
unit1-2/audio/l01-d02.mp3,77772244a1df3f087c0c8bb7e8a14acdcd2cd6a2fb7a37d7d0b53513a64acb74,unit1-2,Yes?,,audio-manifest,初筛未提示文字差异,,只表示自动初筛没有文字差异；自然度、音色、词性变音和音标仍需人工听审。,Yes.,未做第二模型,890,100,待逐条人工听审,,,
unit1-2/audio/l01-d03.mp3,67d9519af7c9ccc673b73a93e73205eaba70c0a59767158709383ae6c55b420b,unit1-2,Is this your handbag?,,audio-manifest,初筛未提示文字差异,,只表示自动初筛没有文字差异；自然度、音色、词性变音和音标仍需人工听审。,Is this your handbag?,未做第二模型,1898,120,待逐条人工听审,,,
unit1-2/audio/l01-d04.mp3,741033811d6f3a49586ba91605913aad43e50be1f88bb0c5da275c15d153fd1a,unit1-2,Pardon?,,audio-manifest,初筛未提示文字差异,,只表示自动初筛没有文字差异；自然度、音色、词性变音和音标仍需人工听审。,Pardon?,未做第二模型,938,100,待逐条人工听审,,,
unit1-2/audio/l01-d05.mp3,c57997a99e2744bcd88d567f6abd0b1af46fa836616cf717fa94bc4533573dc5,unit1-2,Is this your handbag?,,audio-manifest,初筛未提示文字差异,,只表示自动初筛没有文字差异；自然度、音色、词性变音和音标仍需人工听审。,Is this your handbag?,未做第二模型,1898,120,待逐条人工听审,,,
unit1-2/audio/l01-d06.mp3,34b03316a2b5e0c2880cd90622e69ad21b08d4bb4153197b072727e24f237394,unit1-2,"Yes, it is.",,audio-manifest,初筛未提示文字差异,,只表示自动初筛没有文字差异；自然度、音色、词性变音和音标仍需人工听审。,"Yes, it is.",未做第二模型,1274,90,待逐条人工听审,,,
unit1-2/audio/l01-d07.mp3,182644288c0ddc4ed5fafe099a1ecb4ea0a17f020672b0015b50a7c28f9a7855,unit1-2,Thank you very much.,,audio-manifest,初筛未提示文字差异,,只表示自动初筛没有文字差异；自然度、音色、词性变音和音标仍需人工听审。,Thank you very much.,未做第二模型,1394,100,待逐条人工听审,,,
unit1-2/audio/l01-w02.mp3,7dfd4ab488d695c9a0efa7493eb81445c7b7d6d3082036afadd1efe52db1edfb,unit1-2,me,/miː/,audio-manifest,初筛未提示文字差异,,只表示自动初筛没有文字差异；自然度、音色、词性变音和音标仍需人工听审。,Me.,未做第二模型,510,70,待逐条人工听审,,,
unit1-2/audio/l01-w03.mp3,b67de118cdec7c00a43d95a8ab1d38679a87fb171a4ed4e0062295daf7550308,unit1-2,yes,/jes/,audio-manifest,初筛未提示文字差异,,只表示自动初筛没有文字差异；自然度、音色、词性变音和音标仍需人工听审。,Yes.,未做第二模型,661,70,待逐条人工听审,,,
unit1-2/audio/l01-w04.mp3,866caa64e9033da91c54950ddd705e601b2126ea947a630353bdd14a6d43162a,unit1-2,is,/ɪz/,audio-manifest,初筛未提示文字差异,,只表示自动初筛没有文字差异；自然度、音色、词性变音和音标仍需人工听审。,is.,未做第二模型,575,70,待逐条人工听审,,,
unit1-2/audio/l01-w05.mp3,5921c0dfd967765df371aeb68934c48989efe8de076e31daaed84c96102587b8,unit1-2,this,/ðɪs/,audio-manifest,初筛未提示文字差异,,只表示自动初筛没有文字差异；自然度、音色、词性变音和音标仍需人工听审。,This.,未做第二模型,650,70,待逐条人工听审,,,
unit1-2/audio/l01-w07.mp3,499bff59609fe4cb506fbbb375775afbe89dddceb787e2ccab1bd3883a440ed1,unit1-2,handbag,/ˈhændbæɡ/,audio-manifest,初筛未提示文字差异,,只表示自动初筛没有文字差异；自然度、音色、词性变音和音标仍需人工听审。,handbag.,未做第二模型,830,60,待逐条人工听审,,,
unit1-2/audio/l01-w08.mp3,5f6122c9e13fdf173cedb13c6d8537ea185428eeea4d9805dfa050031390f5a0,unit1-2,pardon,/ˈpɑːrdən/,audio-manifest,初筛未提示文字差异,,只表示自动初筛没有文字差异；自然度、音色、词性变音和音标仍需人工听审。,pardon,未做第二模型,698,80,待逐条人工听审,,,
unit1-2/audio/l01-w09.mp3,b2d5b42d861e7af56a17bb14a15137a531f1755e47566f3d398d65d2b1c5c76b,unit1-2,it,/ɪt/,audio-manifest,初筛未提示文字差异,,只表示自动初筛没有文字差异；自然度、音色、词性变音和音标仍需人工听审。,It.,未做第二模型,500,50,待逐条人工听审,,,
unit1-2/audio/l01-w10.mp3,2871797695cb798ec756d6d18f3265e2001bc149e00b3c52b2959c7c8c22d660,unit1-2,thank you,/ˈθæŋk ˌjuː/,audio-manifest,初筛未提示文字差异,,只表示自动初筛没有文字差异；自然度、音色、词性变音和音标仍需人工听审。,Thank you.,未做第二模型,683,70,待逐条人工听审,,,
unit1-2/audio/l01-w11.mp3,622e7b96752246db831b7274ecc8303d3e4f79e269c04964c82f686ffba3d1c2,unit1-2,very much,/ˈveri mʌtʃ/,audio-manifest,初筛未提示文字差异,,只表示自动初筛没有文字差异；自然度、音色、词性变音和音标仍需人工听审。,Very much.,未做第二模型,905,70,待逐条人工听审,,,
unit1-2/audio/l02-w01.mp3,3bc026ae3c241865828bbdf9fbcd591dea82ae8aed922af15363dd970a80dd5f,unit1-2,pen,/pen/,audio-manifest,初筛未提示文字差异,,只表示自动初筛没有文字差异；自然度、音色、词性变音和音标仍需人工听审。,pen.,未做第二模型,600,70,待逐条人工听审,,,
unit1-2/audio/l02-w02.mp3,cff4142e249ca95819239a17e7043f29f7a43e0759e796ee13ae7ae08b712ad4,unit1-2,pencil,/ˈpensəl/,audio-manifest,初筛未提示文字差异,,只表示自动初筛没有文字差异；自然度、音色、词性变音和音标仍需人工听审。,Pencil,未做第二模型,725,70,待逐条人工听审,,,
unit1-2/audio/l02-w03.mp3,e2b1fa75b8452c7a07471a0dc96bb7bffebeede703b35bc9124f06be8c6bfaa2,unit1-2,book,/bʊk/,audio-manifest,初筛未提示文字差异,,只表示自动初筛没有文字差异；自然度、音色、词性变音和音标仍需人工听审。,Book,未做第二模型,618,70,待逐条人工听审,,,
unit1-2/audio/l02-w04.mp3,a305f2bb197ba2d9c351025eaf57cdc74fc1b007aacfae9e65a145375fbedbdf,unit1-2,watch,/wɑːtʃ/,audio-manifest,初筛未提示文字差异,,只表示自动初筛没有文字差异；自然度、音色、词性变音和音标仍需人工听审。,Watch.,未做第二模型,678,70,待逐条人工听审,,,
unit1-2/audio/l02-w05.mp3,78aaeced5faf1da980fa52bffecaa54a6f903c8da5d5ceb37a1a199ebfe5d36a,unit1-2,coat,/koʊt/,audio-manifest,初筛未提示文字差异,,只表示自动初筛没有文字差异；自然度、音色、词性变音和音标仍需人工听审。,coat.,未做第二模型,620,80,待逐条人工听审,,,
unit1-2/audio/l02-w06.mp3,0b97030065844fb780e7d1a25e0a190da9aefe554fd020f18efd6f4a007793bf,unit1-2,dress,/dres/,audio-manifest,初筛未提示文字差异,,只表示自动初筛没有文字差异；自然度、音色、词性变音和音标仍需人工听审。,Dress.,未做第二模型,722,70,待逐条人工听审,,,
unit1-2/audio/l02-w07.mp3,152519e2a59eaa4d3f4918c994be85d005c92c974bc1e638daf44f916e902534,unit1-2,skirt,/skɝːt/,audio-manifest,初筛未提示文字差异,,只表示自动初筛没有文字差异；自然度、音色、词性变音和音标仍需人工听审。,Skirt,未做第二模型,733,70,待逐条人工听审,,,
unit1-2/audio/l02-w08.mp3,189312ec8ff5c13cdfeff053e72559d2e1a4137950eaad5549a3ecab6a2137e2,unit1-2,shirt,/ʃɝːt/,audio-manifest,初筛未提示文字差异,,只表示自动初筛没有文字差异；自然度、音色、词性变音和音标仍需人工听审。,shirt,未做第二模型,600,70,待逐条人工听审,,,
unit1-2/audio/l02-w09.mp3,8d156b887199053c4e802103c0b07b993f7ef7696599dd1de1323c965c50d005,unit1-2,car,/kɑːr/,audio-manifest,初筛未提示文字差异,,只表示自动初筛没有文字差异；自然度、音色、词性变音和音标仍需人工听审。,Car,未做第二模型,620,80,待逐条人工听审,,,
unit1-2/audio/l02-w10.mp3,bbb6815fef75baa4b4e1e7db2975fa5d1c875772dc3c2d1cefbea62098e564f0,unit1-2,house,/haʊs/,audio-manifest,初筛未提示文字差异,,只表示自动初筛没有文字差异；自然度、音色、词性变音和音标仍需人工听审。,house,未做第二模型,659,70,待逐条人工听审,,,
unit1-2/audio/nce-u01-c-q-car.mp3,cb3fadcdbdbca5162aff32c8f5ac218d3ae14d52e30883ebb17614f4c547dd03,unit1-2,Is this your car?,,audio-manifest,初筛未提示文字差异,,只表示自动初筛没有文字差异；自然度、音色、词性变音和音标仍需人工听审。,Is this your car?,未做第二模型,1538,110,待逐条人工听审,,,
unit1-2/audio/nce-u01-c-q-house.mp3,60a6b8511e1c42bea017c391d34e3e0538cce11004bd1ba5aa23ebdaa61f75b8,unit1-2,Is this your house?,,audio-manifest,初筛未提示文字差异,,只表示自动初筛没有文字差异；自然度、音色、词性变音和音标仍需人工听审。,Is this your house?,未做第二模型,1466,110,待逐条人工听审,,,
unit1-2/audio/nce-u01-c-q-watch.mp3,93214bab4ac2341b435414685681edc4940833d3713c61d3f08d35ed49fb0703,unit1-2,Is this your watch?,,audio-manifest,初筛未提示文字差异,,只表示自动初筛没有文字差异；自然度、音色、词性变音和音标仍需人工听审。,Is this your watch?,未做第二模型,1538,120,待逐条人工听审,,,
unit1-2/audio/q-book.mp3,ed919ef7d14452f74925aa7afe2e1672f44f2ad1c81f217c877d01363859921c,unit1-2,Is this your book?,,audio-manifest,初筛未提示文字差异,,只表示自动初筛没有文字差异；自然度、音色、词性变音和音标仍需人工听审。,Is this your book?,未做第二模型,1232,70,待逐条人工听审,,,
unit1-2/audio/q-dress.mp3,37cbbfd91833a54d2517b1650ad5098a3140961d66f7dea9345c0c621f5c0f5b,unit1-2,Is this your dress?,,audio-manifest,初筛未提示文字差异,,只表示自动初筛没有文字差异；自然度、音色、词性变音和音标仍需人工听审。,Is this your dress?,未做第二模型,1485,70,待逐条人工听审,,,
unit1-2/audio/q-pen.mp3,d69b4fb116e85f2709033cc7dcc5616433d0a4da1cba24d9e285340b48988a1e,unit1-2,Is this your pen?,,audio-manifest,初筛未提示文字差异,,只表示自动初筛没有文字差异；自然度、音色、词性变音和音标仍需人工听审。,Is this your pen?,未做第二模型,1370,70,待逐条人工听审,,,
unit1-2/audio/q-pencil.mp3,fda03c872f640f428770218bdd2c300f97ca6c87ed36c51f81af5b6fbce11b63,unit1-2,Is this your pencil?,,audio-manifest,初筛未提示文字差异,,只表示自动初筛没有文字差异；自然度、音色、词性变音和音标仍需人工听审。,Is this your pencil?,未做第二模型,1485,70,待逐条人工听审,,,
unit1-2/audio/q-shirt.mp3,4c56e0ea1e7ceeb80134ba009db80c00a0cbfdb08dc20a6466bbfc232d1e6dd0,unit1-2,Is this your shirt?,,audio-manifest,初筛未提示文字差异,,只表示自动初筛没有文字差异；自然度、音色、词性变音和音标仍需人工听审。,Is this your shirt?,未做第二模型,1308,70,待逐条人工听审,,,
unit1-2/audio/q-skirt.mp3,d8f11a26bf88182f24eee945e0b559054f16417be0718831497974ec86075bcd,unit1-2,Is this your skirt?,,audio-manifest,初筛未提示文字差异,,只表示自动初筛没有文字差异；自然度、音色、词性变音和音标仍需人工听审。,Is this your skirt?,未做第二模型,1341,70,待逐条人工听审,,,
unit11-12/audio/challenge-owner.mp3,c2f74c0119808f348a0f636a7faf953fcb6adbd87df69fb8d3101d6a12560aac,unit11-12,This is my brother's pen. It's his pen.,,audio-manifest,初筛未提示文字差异,,只表示自动初筛没有文字差异；自然度、音色、词性变音和音标仍需人工听审。,This is my brother's pen. It's his pen.,未做第二模型,2971,70,待逐条人工听审,,,
unit11-12/audio/l11-d02.mp3,435032dc49b4b8f4901ae5e249823ad037e9a11fda3638bbc88f60992cef3af3,unit11-12,"Is this your shirt, Dave?",,audio-manifest,初筛未提示文字差异,,只表示自动初筛没有文字差异；自然度、音色、词性变音和音标仍需人工听审。,"Is this your shirt, Dave?",未做第二模型,1630,70,待逐条人工听审,,,
unit11-12/audio/l11-d03.mp3,847c0f90278eed3a8d8fe92ed9afe81e61415e1a7a5632be816017de3b73f168,unit11-12,"No, sir.",,audio-manifest,初筛未提示文字差异,,只表示自动初筛没有文字差异；自然度、音色、词性变音和音标仍需人工听审。,"No, sir.",未做第二模型,1031,70,待逐条人工听审,,,
unit11-12/audio/l11-d04.mp3,b2138f7b1545557a0bb8c61826cae036d55463fb155de1a5c332a321fcdb77a7,unit11-12,It's not my shirt.,,audio-manifest,初筛未提示文字差异,,只表示自动初筛没有文字差异；自然度、音色、词性变音和音标仍需人工听审。,It's not my shirt.,未做第二模型,1404,70,待逐条人工听审,,,
unit11-12/audio/l11-d05.mp3,fc31c2acbb7700e66b6d7a5fba37df9e061e17e1799d667b1140183ca6bbdc9e,unit11-12,This is my shirt.,,audio-manifest,初筛未提示文字差异,,只表示自动初筛没有文字差异；自然度、音色、词性变音和音标仍需人工听审。,This is my shirt.,未做第二模型,1292,70,待逐条人工听审,,,
unit11-12/audio/l11-d06.mp3,31538e61865144d4c32a439c807a149288cd57b0c089dd99070ae2a741838880,unit11-12,My shirt's blue.,,audio-manifest,初筛未提示文字差异,,只表示自动初筛没有文字差异；自然度、音色、词性变音和音标仍需人工听审。,My shirt's blue.,未做第二模型,1324,70,待逐条人工听审,,,
unit11-12/audio/l11-d07.mp3,c9500db25db15c95afef1608522ba0d0fd2de0a74844fc9c97e2753292d6a731,unit11-12,Is this shirt Tim's?,,audio-manifest,初筛未提示文字差异,,只表示自动初筛没有文字差异；自然度、音色、词性变音和音标仍需人工听审。,Is this shirt Tim's?,未做第二模型,1533,70,待逐条人工听审,,,
unit11-12/audio/l11-d08.mp3,4dab51b3f1a9e607426434cd6d181c0118701512b1e6928399b4de7b5cc93736,unit11-12,"Perhaps it is, sir.",,audio-manifest,初筛未提示文字差异,,只表示自动初筛没有文字差异；自然度、音色、词性变音和音标仍需人工听审。,"Perhaps it is, sir.",未做第二模型,1357,70,待逐条人工听审,,,
unit11-12/audio/l11-d09.mp3,6cea0eed8b92f963f74a4831d55e70f91fb85b264f457bb770414509a7094b80,unit11-12,Tim's shirt's white.,,audio-manifest,初筛未提示文字差异,,只表示自动初筛没有文字差异；自然度、音色、词性变音和音标仍需人工听审。,Tim's shirt's white.,未做第二模型,1325,70,待逐条人工听审,,,
unit11-12/audio/l11-d10.mp3,1f7196eaf9ebf5874724faf4dbb971b76a6d951d0453623eb76572ae9d06369b,unit11-12,Tim!,,audio-manifest,初筛未提示文字差异,,只表示自动初筛没有文字差异；自然度、音色、词性变音和音标仍需人工听审。,Tim.,未做第二模型,826,70,待逐条人工听审,,,
unit11-12/audio/l11-d11.mp3,ba67c102fcbe8bfd05d83fc47ba58470d2d5f589fc80782961a08f848683dd14,unit11-12,"Yes, sir?",,audio-manifest,初筛未提示文字差异,,只表示自动初筛没有文字差异；自然度、音色、词性变音和音标仍需人工听审。,"Yes, sir.",未做第二模型,995,70,待逐条人工听审,,,
unit11-12/audio/l11-d12.mp3,9e17d94bf7c6a0fb6b13880a258ac0045e725b8fe6eb2724e591c0a9e39bc615,unit11-12,Is this your shirt?,,audio-manifest,初筛未提示文字差异,,只表示自动初筛没有文字差异；自然度、音色、词性变音和音标仍需人工听审。,Is this your shirt?,未做第二模型,1306,70,待逐条人工听审,,,
unit11-12/audio/l11-d13.mp3,8fb3b40a3ede6d2c60463b79c28217f91e599c7c8caf7d1ffd2e96f90acc283c,unit11-12,"Yes, sir.",,audio-manifest,初筛未提示文字差异,,只表示自动初筛没有文字差异；自然度、音色、词性变音和音标仍需人工听审。,"Yes, sir.",未做第二模型,991,70,待逐条人工听审,,,
unit11-12/audio/l11-d14.mp3,b1c1772a8bd25b4cd61537b9a09ff2f682b13ee6763f29497f59dac7c891ef55,unit11-12,Here you are.,,audio-manifest,初筛未提示文字差异,,只表示自动初筛没有文字差异；自然度、音色、词性变音和音标仍需人工听审。,Here you are.,未做第二模型,1150,70,待逐条人工听审,,,
unit11-12/audio/l11-d16.mp3,07898b9ca431455359a0e89c6381ca60361693388db64ba3e2c239f50e0ecd80,unit11-12,"Thank you, sir.",,audio-manifest,初筛未提示文字差异,,只表示自动初筛没有文字差异；自然度、音色、词性变音和音标仍需人工听审。,Thank you sir.,未做第二模型,1132,70,待逐条人工听审,,,
unit11-12/audio/l11-w02.mp3,0fa56c43acc7386d14d7b2d10350f6e3a3cfe6a75be5d1de35a0166d1373a057,unit11-12,blue,/bluː/,audio-manifest,初筛未提示文字差异,,只表示自动初筛没有文字差异；自然度、音色、词性变音和音标仍需人工听审。,Blue.,未做第二模型,628,70,待逐条人工听审,,,
unit11-12/audio/l11-w03.mp3,81a92b6259d25373c2ec7951b6462ae05120a531bf750c0adda685c896609180,unit11-12,perhaps,/pɚˈhæps/,audio-manifest,初筛未提示文字差异,,只表示自动初筛没有文字差异；自然度、音色、词性变音和音标仍需人工听审。,Perhaps.,未做第二模型,866,70,待逐条人工听审,,,
unit11-12/audio/l11-w04.mp3,bd9c2be07cf4a60c26ba1a6a66b8e7d334ca103310b59661b8a8b9a41d6df167,unit11-12,white,/waɪt/,audio-manifest,初筛未提示文字差异,,只表示自动初筛没有文字差异；自然度、音色、词性变音和音标仍需人工听审。,White,未做第二模型,666,70,待逐条人工听审,,,
unit11-12/audio/l11-w05.mp3,2e73db2e2091231e5d3106d0110ada6465cf25ec10b17d07c46a8ca52c5ed33d,unit11-12,catch,/kætʃ/,audio-manifest,初筛未提示文字差异,,只表示自动初筛没有文字差异；自然度、音色、词性变音和音标仍需人工听审。,Catch.,未做第二模型,706,70,待逐条人工听审,,,
unit11-12/audio/l12-w01.mp3,102e7e4cec37f9b4d1873b6e602e0cedcaf0a994f909e4db85d6d36f3900ec3f,unit11-12,father,/ˈfɑːðɚ/,audio-manifest,初筛未提示文字差异,,只表示自动初筛没有文字差异；自然度、音色、词性变音和音标仍需人工听审。,Father.,未做第二模型,650,90,待逐条人工听审,,,
unit11-12/audio/l12-w02.mp3,d1e6d8764c2093aa6430951ee743614ef49a25a309bb5b051bd9a9b8d254dae4,unit11-12,mother,/ˈmʌðɚ/,audio-manifest,初筛未提示文字差异,,只表示自动初筛没有文字差异；自然度、音色、词性变音和音标仍需人工听审。,Mother,未做第二模型,658,70,待逐条人工听审,,,
unit11-12/audio/l12-w03.mp3,692e61c447b9dc0a25d6ff7812c57aba5306c9289de4beb7ad3085d05f77d12f,unit11-12,blouse,/blaʊs/,audio-manifest,初筛未提示文字差异,,只表示自动初筛没有文字差异；自然度、音色、词性变音和音标仍需人工听审。,blouse,未做第二模型,750,70,待逐条人工听审,,,
unit11-12/audio/l12-w04.mp3,987311ab15ee29515d0126e57f8cc255ac3fb80fe7eab3d535eafc8ae969e301,unit11-12,sister,/ˈsɪstɚ/,audio-manifest,初筛未提示文字差异,,只表示自动初筛没有文字差异；自然度、音色、词性变音和音标仍需人工听审。,Sister.,未做第二模型,777,70,待逐条人工听审,,,
unit11-12/audio/l12-w05.mp3,1229b8c94d4f5c9ee9f93df5b5ac1dc69377fa9a36edeac5b541b5587f5b6330,unit11-12,tie,/taɪ/,audio-manifest,初筛未提示文字差异,,只表示自动初筛没有文字差异；自然度、音色、词性变音和音标仍需人工听审。,Tie,未做第二模型,633,70,待逐条人工听审,,,
unit11-12/audio/l12-w06.mp3,466e830c11eee04ce6a74b0b4a5e647181775b6aed27cc67c4f4272e6d64983e,unit11-12,brother,/ˈbrʌðɚ/,audio-manifest,初筛未提示文字差异,,只表示自动初筛没有文字差异；自然度、音色、词性变音和音标仍需人工听审。,Brother,未做第二模型,683,70,待逐条人工听审,,,
unit11-12/audio/l12-w07.mp3,78c755f6d5db5592da2bd25af4bb972dbd4c46e2cde2b0a13b488fab163c4c9e,unit11-12,his,/hɪz/,audio-manifest,初筛未提示文字差异,,只表示自动初筛没有文字差异；自然度、音色、词性变音和音标仍需人工听审。,his,未做第二模型,690,60,待逐条人工听审,,,
unit11-12/audio/review-w01.mp3,c91664f7db7735d9efaa6a733545bd5f7a040923e6e2ecc0ebda1e1e8b54def5,unit11-12,shirt,/ʃɝːt/,audio-manifest,初筛未提示文字差异,,只表示自动初筛没有文字差异；自然度、音色、词性变音和音标仍需人工听审。,shirt,未做第二模型,667,70,待逐条人工听审,,,
unit11-12/audio/review-w02.mp3,77e5eb0dce44d41f67b1fd87c7d254c257996a2dd6171c6bf3a250ec79869f65,unit11-12,suit,/suːt/,audio-manifest,初筛未提示文字差异,,只表示自动初筛没有文字差异；自然度、音色、词性变音和音标仍需人工听审。,Suit.,未做第二模型,655,70,待逐条人工听审,,,
unit11-12/audio/review-w03.mp3,2b4eb90748dbefee47dc5faa01c2d30443de93c99302299d955f34ebb9b97689,unit11-12,skirt,/skɝːt/,audio-manifest,初筛未提示文字差异,,只表示自动初筛没有文字差异；自然度、音色、词性变音和音标仍需人工听审。,Skirt,未做第二模型,750,70,待逐条人工听审,,,
unit11-12/audio/review-w04.mp3,317b179b4bb8de11b470545901161380bc61d9128d11e2ac7876d3b068a7cf1c,unit11-12,son,/sʌn/,audio-manifest,初筛未提示文字差异,,只表示自动初筛没有文字差异；自然度、音色、词性变音和音标仍需人工听审。,Son.,未做第二模型,638,70,待逐条人工听审,,,
unit11-12/audio/review-w05.mp3,05fc7286d0c0fda888fe6e917f866c40b3522b7eb9d9a4a3e447907fbab005e2,unit11-12,daughter,/ˈdɑːt̬ɚ/,audio-manifest,初筛未提示文字差异,,只表示自动初筛没有文字差异；自然度、音色、词性变音和音标仍需人工听审。,Daughter.,未做第二模型,634,70,待逐条人工听审,,,
unit11-12/audio/written-a-01.mp3,697672dd20974f0032289f7f6e5def8d14de6ed03d20e11bdb99d9a431c8a13a,unit11-12,Stella is here. That is her car.,,audio-manifest,初筛未提示文字差异,,只表示自动初筛没有文字差异；自然度、音色、词性变音和音标仍需人工听审。,"Stella is here, that is her car.",未做第二模型,2159,70,待逐条人工听审,,,
unit11-12/audio/written-a-02.mp3,938153c5acfdbe65c0c2df604ef9ffd4183f6712300844dbdec9be3402cd70be,unit11-12,"Excuse me, Steven. Is this your umbrella?",,audio-manifest,初筛未提示文字差异,,只表示自动初筛没有文字差异；自然度、音色、词性变音和音标仍需人工听审。,"Excuse me, Steven, is this your umbrella?",未做第二模型,2682,70,待逐条人工听审,,,
unit11-12/audio/written-a-03.mp3,db30df13716ca05ab7c80a0baa89a23d1c3c8998a1f1b74aabe0bc482db3dbf9,unit11-12,I am an air hostess. My name is Britt.,,audio-manifest,初筛未提示文字差异,,只表示自动初筛没有文字差异；自然度、音色、词性变音和音标仍需人工听审。,I am an air hostess. My name is Britt.,未做第二模型,2783,70,待逐条人工听审,,,
unit11-12/audio/written-a-04.mp3,a921d1d9b0158d1a0418644d4a8621e8f3f8089f2010bd8c7c870a7a28257600,unit11-12,"Paul is here, too. That is his coat.",,audio-manifest,初筛未提示文字差异,,只表示自动初筛没有文字差异；自然度、音色、词性变音和音标仍需人工听审。,"Paul is here too, that is his coat.",未做第二模型,2359,70,待逐条人工听审,,,
unit3-4/audio/l02-w01.mp3,3bc026ae3c241865828bbdf9fbcd591dea82ae8aed922af15363dd970a80dd5f,unit3-4,pen,/pen/,audio-manifest,初筛未提示文字差异,,只表示自动初筛没有文字差异；自然度、音色、词性变音和音标仍需人工听审。,pen.,未做第二模型,600,70,待逐条人工听审,,,
unit3-4/audio/l02-w02.mp3,cff4142e249ca95819239a17e7043f29f7a43e0759e796ee13ae7ae08b712ad4,unit3-4,pencil,/ˈpensəl/,audio-manifest,初筛未提示文字差异,,只表示自动初筛没有文字差异；自然度、音色、词性变音和音标仍需人工听审。,Pencil,未做第二模型,725,70,待逐条人工听审,,,
unit3-4/audio/l02-w03.mp3,e2b1fa75b8452c7a07471a0dc96bb7bffebeede703b35bc9124f06be8c6bfaa2,unit3-4,book,/bʊk/,audio-manifest,初筛未提示文字差异,,只表示自动初筛没有文字差异；自然度、音色、词性变音和音标仍需人工听审。,Book,未做第二模型,618,70,待逐条人工听审,,,
unit3-4/audio/l02-w04.mp3,a305f2bb197ba2d9c351025eaf57cdc74fc1b007aacfae9e65a145375fbedbdf,unit3-4,watch,/wɑːtʃ/,audio-manifest,初筛未提示文字差异,,只表示自动初筛没有文字差异；自然度、音色、词性变音和音标仍需人工听审。,Watch.,未做第二模型,678,70,待逐条人工听审,,,
unit3-4/audio/l02-w05.mp3,78aaeced5faf1da980fa52bffecaa54a6f903c8da5d5ceb37a1a199ebfe5d36a,unit3-4,coat,/koʊt/,audio-manifest,初筛未提示文字差异,,只表示自动初筛没有文字差异；自然度、音色、词性变音和音标仍需人工听审。,coat.,未做第二模型,620,80,待逐条人工听审,,,
unit3-4/audio/l02-w06.mp3,0b97030065844fb780e7d1a25e0a190da9aefe554fd020f18efd6f4a007793bf,unit3-4,dress,/dres/,audio-manifest,初筛未提示文字差异,,只表示自动初筛没有文字差异；自然度、音色、词性变音和音标仍需人工听审。,Dress.,未做第二模型,722,70,待逐条人工听审,,,
unit3-4/audio/l02-w07.mp3,152519e2a59eaa4d3f4918c994be85d005c92c974bc1e638daf44f916e902534,unit3-4,skirt,/skɝːt/,audio-manifest,初筛未提示文字差异,,只表示自动初筛没有文字差异；自然度、音色、词性变音和音标仍需人工听审。,Skirt,未做第二模型,733,70,待逐条人工听审,,,
unit3-4/audio/l02-w08.mp3,189312ec8ff5c13cdfeff053e72559d2e1a4137950eaad5549a3ecab6a2137e2,unit3-4,shirt,/ʃɝːt/,audio-manifest,初筛未提示文字差异,,只表示自动初筛没有文字差异；自然度、音色、词性变音和音标仍需人工听审。,shirt,未做第二模型,600,70,待逐条人工听审,,,
unit3-4/audio/l02-w09.mp3,8d156b887199053c4e802103c0b07b993f7ef7696599dd1de1323c965c50d005,unit3-4,car,/kɑːr/,audio-manifest,初筛未提示文字差异,,只表示自动初筛没有文字差异；自然度、音色、词性变音和音标仍需人工听审。,Car,未做第二模型,620,80,待逐条人工听审,,,
unit3-4/audio/l02-w10.mp3,bbb6815fef75baa4b4e1e7db2975fa5d1c875772dc3c2d1cefbea62098e564f0,unit3-4,house,/haʊs/,audio-manifest,初筛未提示文字差异,,只表示自动初筛没有文字差异；自然度、音色、词性变音和音标仍需人工听审。,house,未做第二模型,659,70,待逐条人工听审,,,
unit3-4/audio/l03-d01.mp3,3c92bec27b63a1de7a841bfc60e466d6b892500b5b1fe2d058a704c629c3eda0,unit3-4,My coat and my umbrella please.,,audio-manifest,初筛未提示文字差异,,只表示自动初筛没有文字差异；自然度、音色、词性变音和音标仍需人工听审。,"My coat and my umbrella, please.",未做第二模型,2362,70,待逐条人工听审,,,
unit3-4/audio/l03-d02.mp3,e06d0846d6d604a86d11492ad7859e9aef0cebd8c4ceac6d893c959bf0a02282,unit3-4,Here is my ticket.,,audio-manifest,初筛未提示文字差异,,只表示自动初筛没有文字差异；自然度、音色、词性变音和音标仍需人工听审。,Here is my ticket.,未做第二模型,1371,70,待逐条人工听审,,,
unit3-4/audio/l03-d03.mp3,0238ffacc26b0ab67875fa5744d70a7cdd1b579660d5d5b734cd63977ec3a189,unit3-4,"Thank you, sir.",,audio-manifest,初筛未提示文字差异,,只表示自动初筛没有文字差异；自然度、音色、词性变音和音标仍需人工听审。,Thank you sir.,未做第二模型,1133,70,待逐条人工听审,,,
unit3-4/audio/l03-d04.mp3,e8a6e045fa74d36da5b32709650432bfb2999178ec437ccbf10d66d370a84372,unit3-4,Number five.,,audio-manifest,初筛未提示文字差异,,只表示自动初筛没有文字差异；自然度、音色、词性变音和音标仍需人工听审。,Number five.,未做第二模型,1182,70,待逐条人工听审,,,
unit3-4/audio/l03-d05.mp3,ad90e81d248176ae47f293b7d380e5ff852d35fd470d5b04b34b56343ab20c1e,unit3-4,Here's your umbrella and your coat.,,audio-manifest,初筛未提示文字差异,,只表示自动初筛没有文字差异；自然度、音色、词性变音和音标仍需人工听审。,Here's your umbrella and your coat.,未做第二模型,1977,70,待逐条人工听审,,,
unit3-4/audio/l03-d06.mp3,40dd61ea4200c4aba9ec808bb3a8ee60df8924540a50756ff0a009cc3f3a5fd3,unit3-4,This is not my umbrella.,,audio-manifest,初筛未提示文字差异,,只表示自动初筛没有文字差异；自然度、音色、词性变音和音标仍需人工听审。,This is not my umbrella.,未做第二模型,1879,70,待逐条人工听审,,,
unit3-4/audio/l03-d07.mp3,8ebf91a0add4853555486b1df2efef5c05839e2b1e3fd3105f61107ad9abc1a5,unit3-4,"Sorry, sir.",,audio-manifest,初筛未提示文字差异,,只表示自动初筛没有文字差异；自然度、音色、词性变音和音标仍需人工听审。,"Sorry, sir.",未做第二模型,1059,70,待逐条人工听审,,,
unit3-4/audio/l03-d08.mp3,5ba8e23689acf03f91629401204be119e41ce4528aaae803ea11257c07e711f5,unit3-4,Is this your umbrella?,,audio-manifest,初筛未提示文字差异,,只表示自动初筛没有文字差异；自然度、音色、词性变音和音标仍需人工听审。,Is this your umbrella?,未做第二模型,1520,70,待逐条人工听审,,,
unit3-4/audio/l03-d09.mp3,35b480357854adcc8e9167c06250b95acf0d1e94361247600d1f823a546f6d48,unit3-4,"No, it isn't.",,audio-manifest,初筛未提示文字差异,,只表示自动初筛没有文字差异；自然度、音色、词性变音和音标仍需人工听审。,"No, it isn't.",未做第二模型,1237,70,待逐条人工听审,,,
unit3-4/audio/l03-d10.mp3,baa0816ae97365c10de9e441ac0e6a0353a53f04d57c0254592b482b9971d74c,unit3-4,Is this it?,,audio-manifest,初筛未提示文字差异,,只表示自动初筛没有文字差异；自然度、音色、词性变音和音标仍需人工听审。,Is this it?,未做第二模型,1075,70,待逐条人工听审,,,
unit3-4/audio/l03-d11.mp3,7c1010d19228f99b7bd0102e53e21f921ab2b788b9cb9a3d4221c5aa4bcca63c,unit3-4,"Yes, it is.",,audio-manifest,初筛未提示文字差异,,只表示自动初筛没有文字差异；自然度、音色、词性变音和音标仍需人工听审。,"Yes, it is.",未做第二模型,1190,70,待逐条人工听审,,,
unit3-4/audio/l03-d12.mp3,91acdabcc6db7a42b71594545699f7b09b5c766c490f37a95e14ea1fbd95abe9,unit3-4,Thank you very much.,,audio-manifest,初筛未提示文字差异,,只表示自动初筛没有文字差异；自然度、音色、词性变音和音标仍需人工听审。,Thank you very much.,未做第二模型,1496,80,待逐条人工听审,,,
unit3-4/audio/l03-w01.mp3,9c3f69b5b3a2f5e046bf589bdbc2f470fff50bb9b234f042c67d38aa2f6adc26,unit3-4,umbrella,/ʌmˈbrelə/,audio-manifest,初筛未提示文字差异,,只表示自动初筛没有文字差异；自然度、音色、词性变音和音标仍需人工听审。,Umbrella,未做第二模型,783,70,待逐条人工听审,,,
unit3-4/audio/l03-w02.mp3,16efe0e70fb6cc23bc25401a7d2974d340b383ba4a8e02343c0cebd2349b120c,unit3-4,please,/pliːz/,audio-manifest,初筛未提示文字差异,,只表示自动初筛没有文字差异；自然度、音色、词性变音和音标仍需人工听审。,Please.,未做第二模型,727,70,待逐条人工听审,,,
unit3-4/audio/l03-w03.mp3,d5b01a995b1631561527016590d434673a4e5713a5fde939b19ecb7dcbbf4bd7,unit3-4,here,/hɪr/,audio-manifest,初筛未提示文字差异,,只表示自动初筛没有文字差异；自然度、音色、词性变音和音标仍需人工听审。,Here.,未做第二模型,580,60,待逐条人工听审,,,
unit3-4/audio/l03-w04.mp3,92f8aec1e77872f396a15c6a22de44fda903ed920c60b8a4a50fea250434ab36,unit3-4,my,/maɪ/,audio-manifest,初筛未提示文字差异,,只表示自动初筛没有文字差异；自然度、音色、词性变音和音标仍需人工听审。,My,未做第二模型,579,70,待逐条人工听审,,,
unit3-4/audio/l03-w05.mp3,10c71d472ddf23548488549777a70957070cf4c59a6514590f151d01857eff2b,unit3-4,ticket,/ˈtɪkɪt/,audio-manifest,初筛未提示文字差异,,只表示自动初筛没有文字差异；自然度、音色、词性变音和音标仍需人工听审。,ticket.,未做第二模型,712,70,待逐条人工听审,,,
unit3-4/audio/l03-w06.mp3,e28daa9fd31ae141ff5dac65ce054b142cd5faab89332ba0b3dbc45044aa16d4,unit3-4,number,/ˈnʌmbɚ/,audio-manifest,初筛未提示文字差异,,只表示自动初筛没有文字差异；自然度、音色、词性变音和音标仍需人工听审。,Number.,未做第二模型,692,70,待逐条人工听审,,,
unit3-4/audio/l03-w07.mp3,d5798a4a06c135cd32581b69feb8cdfe8cda0c3991490bb54f2dce6db8ffeec1,unit3-4,five,/faɪv/,audio-manifest,初筛未提示文字差异,,只表示自动初筛没有文字差异；自然度、音色、词性变音和音标仍需人工听审。,Five.,未做第二模型,602,80,待逐条人工听审,,,
unit3-4/audio/l03-w08.mp3,fbcb7283efcd04b29fe18ef50eade06c65e0ff33ac51f30d4c6ce645518d1de4,unit3-4,sorry,/ˈsɔːri/,audio-manifest,初筛未提示文字差异,,只表示自动初筛没有文字差异；自然度、音色、词性变音和音标仍需人工听审。,Sorry.,未做第二模型,717,70,待逐条人工听审,,,
unit3-4/audio/l03-w09.mp3,bb37f08ad3a3a77c3e82adc05c675e249c72cc80e3123270c8eba28c13bd1a75,unit3-4,sir,/sɝː/,audio-manifest,初筛未提示文字差异,,只表示自动初筛没有文字差异；自然度、音色、词性变音和音标仍需人工听审。,Sir.,未做第二模型,575,70,待逐条人工听审,,,
unit3-4/audio/l04-p01.mp3,067a3f25cea0da6f594b242918ab64f0ba1df9b64afab607cf7498548a4e44ba,unit3-4,Is this your pen?,,audio-manifest,初筛未提示文字差异,,只表示自动初筛没有文字差异；自然度、音色、词性变音和音标仍需人工听审。,Is this your pen?,未做第二模型,1370,70,待逐条人工听审,,,
unit3-4/audio/l04-p02.mp3,bab903c6c9ad8810afb2cb9cb8d6805d808ba7293baae9ba289d5c29224fb4cd,unit3-4,Is this your pencil?,,audio-manifest,初筛未提示文字差异,,只表示自动初筛没有文字差异；自然度、音色、词性变音和音标仍需人工听审。,Is this your pencil?,未做第二模型,1485,70,待逐条人工听审,,,
unit3-4/audio/l04-p03.mp3,4783259af931f47bd4b27626b8645050363c8ff17a1e86834d8bc855e91fca4f,unit3-4,Is this your book?,,audio-manifest,初筛未提示文字差异,,只表示自动初筛没有文字差异；自然度、音色、词性变音和音标仍需人工听审。,Is this your book?,未做第二模型,1233,70,待逐条人工听审,,,
unit3-4/audio/l04-p04.mp3,e17eb2a004cbd8e765762d39409e7337e3c9a024f05ea6260ab235693b24f319,unit3-4,Is this your watch?,,audio-manifest,初筛未提示文字差异,,只表示自动初筛没有文字差异；自然度、音色、词性变音和音标仍需人工听审。,Is this your watch?,未做第二模型,1392,70,待逐条人工听审,,,
unit3-4/audio/l04-p06.mp3,db219e5980d19a00c7a3ecf8a832290d2eb37fa0bd5ccad97923332ad362cc8a,unit3-4,Is this your dress?,,audio-manifest,初筛未提示文字差异,,只表示自动初筛没有文字差异；自然度、音色、词性变音和音标仍需人工听审。,Is this your dress?,未做第二模型,1488,70,待逐条人工听审,,,
unit3-4/audio/l04-p07.mp3,d942d673c2e9368180e09f917f05fd6b27bf33f77d692a5cd1f49d38a2fc2f60,unit3-4,Is this your skirt?,,audio-manifest,初筛未提示文字差异,,只表示自动初筛没有文字差异；自然度、音色、词性变音和音标仍需人工听审。,Is this your skirt?,未做第二模型,1343,70,待逐条人工听审,,,
unit3-4/audio/l04-p08.mp3,271025442ed4fa7724984f9a151072a52f590215b6b5fcfc9ee44043534bae3a,unit3-4,Is this your shirt?,,audio-manifest,初筛未提示文字差异,,只表示自动初筛没有文字差异；自然度、音色、词性变音和音标仍需人工听审。,Is this your shirt?,未做第二模型,1304,70,待逐条人工听审,,,
unit3-4/audio/l04-p09.mp3,03ce438bfae1a7cbab7ad90892a3deda675c702261cf8c74ed5189c165e010c4,unit3-4,Is this your car?,,audio-manifest,初筛未提示文字差异,,只表示自动初筛没有文字差异；自然度、音色、词性变音和音标仍需人工听审。,Is this your car?,未做第二模型,1378,70,待逐条人工听审,,,
unit3-4/audio/l04-p10.mp3,90942a6b5ba378285893b509c37fef908b9a8a254231b546db94407fbd072d03,unit3-4,Is this your house?,,audio-manifest,初筛未提示文字差异,,只表示自动初筛没有文字差异；自然度、音色、词性变音和音标仍需人工听审。,Is this your house?,未做第二模型,1322,70,待逐条人工听审,,,
unit3-4/audio/l04-p11.mp3,6c6696322f562f8d3e643b807d47eaad8040b2849b5e4b01dbd7949ff132ce43,unit3-4,Is this your suit?,,audio-manifest,初筛未提示文字差异,,只表示自动初筛没有文字差异；自然度、音色、词性变音和音标仍需人工听审。,Is this your suit?,未做第二模型,1383,70,待逐条人工听审,,,
unit3-4/audio/l04-p12.mp3,d8041f85b3071d1c25f5b91825b061ac2e24df3c94bc66e56a7c5ef198d337a4,unit3-4,Is this your school?,,audio-manifest,初筛未提示文字差异,,只表示自动初筛没有文字差异；自然度、音色、词性变音和音标仍需人工听审。,Is this your school?,未做第二模型,1408,70,待逐条人工听审,,,
unit3-4/audio/l04-p13.mp3,4d969165d4b486b401a30b28a613e154463665235e3ef9dafcbcb91e523eef9a,unit3-4,Is this your teacher?,,audio-manifest,初筛未提示文字差异,,只表示自动初筛没有文字差异；自然度、音色、词性变音和音标仍需人工听审。,Is this your teacher?,未做第二模型,1514,70,待逐条人工听审,,,
unit3-4/audio/l04-p14.mp3,f1bd1e31ed7a0da16be7f93ca970830b00daffbf537a807eea58e7efbf66334b,unit3-4,Is this your son?,,audio-manifest,初筛未提示文字差异,,只表示自动初筛没有文字差异；自然度、音色、词性变音和音标仍需人工听审。,Is this your son?,未做第二模型,1392,70,待逐条人工听审,,,
unit3-4/audio/l04-p15.mp3,5f3bc256eeba9d78a489f34bf7fe0a73c60ac8d79b8ae5e1140ddc392604fc6d,unit3-4,Is this your daughter?,,audio-manifest,初筛未提示文字差异,,只表示自动初筛没有文字差异；自然度、音色、词性变音和音标仍需人工听审。,Is this your daughter?,未做第二模型,1500,70,待逐条人工听审,,,
unit3-4/audio/l04-w01.mp3,22ae73322759c4d542d49a474675f287ce6e5b7464f1e5fd69e668a954d33f07,unit3-4,suit,/suːt/,audio-manifest,初筛未提示文字差异,,只表示自动初筛没有文字差异；自然度、音色、词性变音和音标仍需人工听审。,Suit.,未做第二模型,640,70,待逐条人工听审,,,
unit3-4/audio/l04-w02.mp3,50460b5f7a104306d160e5d142b655408774471317bfb4708ab90e28cc981d19,unit3-4,school,/skuːl/,audio-manifest,初筛未提示文字差异,,只表示自动初筛没有文字差异；自然度、音色、词性变音和音标仍需人工听审。,school.,未做第二模型,752,70,待逐条人工听审,,,
unit3-4/audio/l04-w03.mp3,03fb676ee3aab04e84adff2f3d5d7ce7a87a8369947798c24445705e472f9273,unit3-4,teacher,/ˈtiːtʃɚ/,audio-manifest,初筛未提示文字差异,,只表示自动初筛没有文字差异；自然度、音色、词性变音和音标仍需人工听审。,teacher.,未做第二模型,700,70,待逐条人工听审,,,
unit3-4/audio/l04-w04.mp3,681a03ae33c212aac6e778279fdb104988c702f044042fbafdaa709e0e47717b,unit3-4,son,/sʌn/,audio-manifest,初筛未提示文字差异,,只表示自动初筛没有文字差异；自然度、音色、词性变音和音标仍需人工听审。,Son.,未做第二模型,610,70,待逐条人工听审,,,
unit3-4/audio/l04-w05.mp3,b140b91667d010400da1b1871b404800e3d157f99d2d0b504780ea2ca2a49418,unit3-4,daughter,/ˈdɑːt̬ɚ/,audio-manifest,初筛未提示文字差异,,只表示自动初筛没有文字差异；自然度、音色、词性变音和音标仍需人工听审。,Daughter.,未做第二模型,614,70,待逐条人工听审,,,
unit3-4/audio/reply-book.mp3,28605dee9fd590d2915cfebf17715c13c3a4a7fefdab0f0468c9382659f86cd2,unit3-4,No. It isn't my book. It's your book.,,audio-manifest,初筛未提示文字差异,,只表示自动初筛没有文字差异；自然度、音色、词性变音和音标仍需人工听审。,"No, it isn't my book. It's your book.",未做第二模型,2460,70,待逐条人工听审,,,
unit3-4/audio/reply-car.mp3,c12f0652f29bb07a6e6e362ec539ed3016cf170d47a587bbfdd1d19b3e32db5e,unit3-4,No. It isn't my car. It's your car.,,audio-manifest,初筛未提示文字差异,,只表示自动初筛没有文字差异；自然度、音色、词性变音和音标仍需人工听审。,"No, it isn't my car, it's your car.",未做第二模型,2492,70,待逐条人工听审,,,
unit3-4/audio/reply-coat.mp3,bda7bc2fde058482493c24a1283225b9fb74f89b331b3dd9f4501d272cdff45e,unit3-4,No. It isn't my coat. It's your coat.,,audio-manifest,初筛未提示文字差异,,只表示自动初筛没有文字差异；自然度、音色、词性变音和音标仍需人工听审。,"No, it isn't my coat. It's your coat.",未做第二模型,2556,70,待逐条人工听审,,,
unit3-4/audio/reply-dress.mp3,856fdc1a8d5ef68471acd1943e98ed2da06e082f9e23492d2f30dbdaa6cccd36,unit3-4,No. It isn't my dress. It's your dress.,,audio-manifest,初筛未提示文字差异,,只表示自动初筛没有文字差异；自然度、音色、词性变音和音标仍需人工听审。,"No, it isn't my dress, it's your dress.",未做第二模型,2794,70,待逐条人工听审,,,
unit3-4/audio/reply-house.mp3,f6c722293ff52c36d1e97934c615bac5761a377397b6a4c1c6000ba8e5c091af,unit3-4,No. It isn't my house. It's your house.,,audio-manifest,初筛未提示文字差异,,只表示自动初筛没有文字差异；自然度、音色、词性变音和音标仍需人工听审。,"No, it isn't my house, it's your house.",未做第二模型,2656,70,待逐条人工听审,,,
unit3-4/audio/reply-pen.mp3,c0a505bec72eaf7d5613c5f6add7d63b70b212adb51521473c759ac0feb3267f,unit3-4,No. It isn't my pen. It's your pen.,,audio-manifest,初筛未提示文字差异,,只表示自动初筛没有文字差异；自然度、音色、词性变音和音标仍需人工听审。,"No, it isn't my pen. It's your pen.",未做第二模型,2539,70,待逐条人工听审,,,
unit3-4/audio/reply-pencil.mp3,d45b614702aaaa1f66d1655705d6d10ced4c97c5bc16844050cc020c8ce9dd64,unit3-4,No. It isn't my pencil. It's your pencil.,,audio-manifest,初筛未提示文字差异,,只表示自动初筛没有文字差异；自然度、音色、词性变音和音标仍需人工听审。,"No, it isn't my pencil. It's your pencil.",未做第二模型,2879,70,待逐条人工听审,,,
unit3-4/audio/reply-shirt.mp3,1e7805e2a040542a4860b770822ef204c922d9d0b6704a5174459d2b66d167aa,unit3-4,No. It isn't my shirt. It's your shirt.,,audio-manifest,初筛未提示文字差异,,只表示自动初筛没有文字差异；自然度、音色、词性变音和音标仍需人工听审。,"No, it isn't my shirt, it's your shirt.",未做第二模型,2517,70,待逐条人工听审,,,
unit3-4/audio/reply-skirt.mp3,ab594e7e42696a74afad4562eaf7426584323f6ef05ec4fa5f29bfe58ec6d867,unit3-4,No. It isn't my skirt. It's your skirt.,,audio-manifest,初筛未提示文字差异,,只表示自动初筛没有文字差异；自然度、音色、词性变音和音标仍需人工听审。,"No, it isn't my skirt. It's your skirt.",未做第二模型,2588,70,待逐条人工听审,,,
unit3-4/audio/reply-umbrella.mp3,fb155b3ce70aaa0fd61f5312a1e0620631186fe0a3c5b61741a11b7a4cdf25fe,unit3-4,No. It isn't my umbrella. It's your umbrella.,,audio-manifest,初筛未提示文字差异,,只表示自动初筛没有文字差异；自然度、音色、词性变音和音标仍需人工听审。,"No, it isn't my umbrella. It's your umbrella.",未做第二模型,3182,70,待逐条人工听审,,,
unit3-4/audio/reply-watch.mp3,ab7c0fb09d2fc82f8d4e4916f638be371e4ac6ac7413acf4f96e05be4f6e7c5f,unit3-4,No. It isn't my watch. It's your watch.,,audio-manifest,初筛未提示文字差异,,只表示自动初筛没有文字差异；自然度、音色、词性变音和音标仍需人工听审。,"No, it isn't my watch, it's your watch.",未做第二模型,2584,70,待逐条人工听审,,,
unit5-6/audio/challenge-car.mp3,ddc372f24a418af17efb7c1c6507b5809ce0566f88482b3d110a035f93382f98,unit5-6,This is her car. It is French.,,audio-manifest,初筛未提示文字差异,,只表示自动初筛没有文字差异；自然度、音色、词性变音和音标仍需人工听审。,"This is her car, it is French.",未做第二模型,2260,70,待逐条人工听审,,,
unit5-6/audio/l05-d01.mp3,17f4ff4f3fbec37b74bd1f65c0cae57e22773e3147b18d9caaa145f75e418920,unit5-6,Good morning.,,audio-manifest,初筛未提示文字差异,,只表示自动初筛没有文字差异；自然度、音色、词性变音和音标仍需人工听审。,Good morning.,未做第二模型,1043,70,待逐条人工听审,,,
unit5-6/audio/l05-d02.mp3,aee44aa25816909eaed7da23336b8480aa7047a78693da9291c7225ce5aaceee,unit5-6,"Good morning, Mr. Blake.",,audio-manifest,初筛未提示文字差异,,只表示自动初筛没有文字差异；自然度、音色、词性变音和音标仍需人工听审。,"Good morning, Mr. Blake.",未做第二模型,1687,70,待逐条人工听审,,,
unit5-6/audio/l05-d04.mp3,b1c16e419b36b3b50fcd710910a4606c4751701a9086dc21422275d5b6bff1ca,unit5-6,Sophie is a new student.,,audio-manifest,初筛未提示文字差异,,只表示自动初筛没有文字差异；自然度、音色、词性变音和音标仍需人工听审。,Sophie is a new student.,未做第二模型,1652,70,待逐条人工听审,,,
unit5-6/audio/l05-d05.mp3,3d1bf0a51b502818286cb8b54dd773aea25ee1564de781d53aed6cb22d1eb0a2,unit5-6,She is French.,,audio-manifest,初筛未提示文字差异,,只表示自动初筛没有文字差异；自然度、音色、词性变音和音标仍需人工听审。,She is French.,未做第二模型,1253,70,待逐条人工听审,,,
unit5-6/audio/l05-d08.mp3,0f7f410996ec7ddd2e925104270da5e008d7b73f2c4d0b52db80bcb6affec3b6,unit5-6,Nice to meet you.,,audio-manifest,初筛未提示文字差异,,只表示自动初筛没有文字差异；自然度、音色、词性变音和音标仍需人工听审。,Nice to meet you.,未做第二模型,1286,70,待逐条人工听审,,,
unit5-6/audio/l05-d09.mp3,e4d2c5f1f8e7400cab074c27d3ee5792cfee940b0475043a4e805d0510cd249f,unit5-6,And this is Naoko.,,audio-manifest,初筛未提示文字差异,,只表示自动初筛没有文字差异；自然度、音色、词性变音和音标仍需人工听审。,And this is Naoko.,未做第二模型,1809,70,待逐条人工听审,,,
unit5-6/audio/l05-d10.mp3,74f9af62692eb66f4fa3cbdc45fae4088d1212b47b5ad9f6c8b83021edd95db1,unit5-6,She's Japanese.,,audio-manifest,初筛未提示文字差异,,只表示自动初筛没有文字差异；自然度、音色、词性变音和音标仍需人工听审。,She's Japanese.,未做第二模型,1358,70,待逐条人工听审,,,
unit5-6/audio/l05-d11.mp3,d826ba3240f12ef8e52d60aa625b7dec09e3ac41b4152a4caa27f524ce42d92e,unit5-6,Nice to meet you.,,audio-manifest,初筛未提示文字差异,,只表示自动初筛没有文字差异；自然度、音色、词性变音和音标仍需人工听审。,Nice to meet you.,未做第二模型,1210,70,待逐条人工听审,,,
unit5-6/audio/l05-d13.mp3,115decf7cc68007c10d41d876b394b5dc4489dcfb488270c4692cdb072384652,unit5-6,He's South Korean.,,audio-manifest,初筛未提示文字差异,,只表示自动初筛没有文字差异；自然度、音色、词性变音和音标仍需人工听审。,He's South Korean.,未做第二模型,1428,70,待逐条人工听审,,,
unit5-6/audio/l05-d14.mp3,921f84768fcfc0b6a41683e9597c1b706168f672b910a3be77d9fbcff5f7e767,unit5-6,Nice to meet you.,,audio-manifest,初筛未提示文字差异,,只表示自动初筛没有文字差异；自然度、音色、词性变音和音标仍需人工听审。,Nice to meet you.,未做第二模型,1299,70,待逐条人工听审,,,
unit5-6/audio/l05-d16.mp3,8f4b387f396bd587bccf655be6251952aaa9291a405b7e89a552995582d1f5a6,unit5-6,He's Chinese.,,audio-manifest,初筛未提示文字差异,,只表示自动初筛没有文字差异；自然度、音色、词性变音和音标仍需人工听审。,He's Chinese.,未做第二模型,1325,70,待逐条人工听审,,,
unit5-6/audio/l05-d17.mp3,d6fae08f8e288914d9c411d24a0260e57e3190fabe856f6946a714e14c00c91b,unit5-6,Nice to meet you.,,audio-manifest,初筛未提示文字差异,,只表示自动初筛没有文字差异；自然度、音色、词性变音和音标仍需人工听审。,Nice to meet you.,未做第二模型,1300,70,待逐条人工听审,,,
unit5-6/audio/l05-d19.mp3,7ffc4ef08a11d65794ff64fe0c2595d6dac89f598ab04da673fd38fa14b9a3cd,unit5-6,"She's Chinese, too.",,audio-manifest,初筛未提示文字差异,,只表示自动初筛没有文字差异；自然度、音色、词性变音和音标仍需人工听审。,"She's Chinese, too.",未做第二模型,1550,70,待逐条人工听审,,,
unit5-6/audio/l05-d20.mp3,a9a8df1b7c9c690ec746a87aad6c5db751c36b83b1568f94858a1dbffce86291,unit5-6,Nice to meet you.,,audio-manifest,初筛未提示文字差异,,只表示自动初筛没有文字差异；自然度、音色、词性变音和音标仍需人工听审。,Nice to meet you.,未做第二模型,1214,70,待逐条人工听审,,,
unit5-6/audio/l05-w02.mp3,2367f9ac6139f658c8535fb64662c96f6f797a56fb88d701789dd31df063855b,unit5-6,good,/ɡʊd/,audio-manifest,初筛未提示文字差异,,只表示自动初筛没有文字差异；自然度、音色、词性变音和音标仍需人工听审。,Good.,未做第二模型,589,70,待逐条人工听审,,,
unit5-6/audio/l05-w03.mp3,e5b6f41c28bf16c3b514245e90025f249b38df8454f6e7c26ab07dec2e59ab6f,unit5-6,morning,/ˈmɔːrnɪŋ/,audio-manifest,初筛未提示文字差异,,只表示自动初筛没有文字差异；自然度、音色、词性变音和音标仍需人工听审。,morning.,未做第二模型,684,70,待逐条人工听审,,,
unit5-6/audio/l05-w04.mp3,6a9e9f4208ea971b7508b71814a148a83898ac21bf0cca511384d62793cac2be,unit5-6,Miss,/mɪs/,audio-manifest,初筛未提示文字差异,,只表示自动初筛没有文字差异；自然度、音色、词性变音和音标仍需人工听审。,Miss.,未做第二模型,629,70,待逐条人工听审,,,
unit5-6/audio/l05-w05.mp3,8940d3fff69e4594689f4446a1a5fee584d87842ae254ea4f9aaedc117062488,unit5-6,new,/nuː/,audio-manifest,初筛未提示文字差异,,只表示自动初筛没有文字差异；自然度、音色、词性变音和音标仍需人工听审。,New.,未做第二模型,582,70,待逐条人工听审,,,
unit5-6/audio/l05-w06.mp3,f25fa2e5884b1d48c010ee1385fb83961e4051277ee7d5511180788757df0800,unit5-6,student,/ˈstuːdənt/,audio-manifest,初筛未提示文字差异,,只表示自动初筛没有文字差异；自然度、音色、词性变音和音标仍需人工听审。,Student.,未做第二模型,770,70,待逐条人工听审,,,
unit5-6/audio/l05-w07.mp3,628b7fc357392fc32e288c2f4e0b9652b878163e6ea1f851339188d3bfaae829,unit5-6,French,/frentʃ/,audio-manifest,初筛未提示文字差异,,只表示自动初筛没有文字差异；自然度、音色、词性变音和音标仍需人工听审。,French.,未做第二模型,700,70,待逐条人工听审,,,
unit5-6/audio/l05-w08.mp3,26ed934e64a0707feeb07464562a774dd47f2202407fa100a4c90042385451ac,unit5-6,German,/ˈdʒɝːmən/,audio-manifest,初筛未提示文字差异,,只表示自动初筛没有文字差异；自然度、音色、词性变音和音标仍需人工听审。,German.,未做第二模型,698,80,待逐条人工听审,,,
unit5-6/audio/l05-w09.mp3,8e328c625421cfa6a14e8c1e5b547c7a15aad7e83cd97bea323f2facde84ec8e,unit5-6,nice,/naɪs/,audio-manifest,初筛未提示文字差异,,只表示自动初筛没有文字差异；自然度、音色、词性变音和音标仍需人工听审。,Nice.,未做第二模型,677,70,待逐条人工听审,,,
unit5-6/audio/l05-w10.mp3,93f2e974807dcf9a660673dc9ab840e3c47de87f71b770a9bf21ed81c1034c28,unit5-6,meet,/miːt/,audio-manifest,初筛未提示文字差异,,只表示自动初筛没有文字差异；自然度、音色、词性变音和音标仍需人工听审。,Meet,未做第二模型,643,70,待逐条人工听审,,,
unit5-6/audio/l05-w11.mp3,c57dc3475f3d0363633bfd91de394a3d751e5557f7f38df5da64151f80d909bb,unit5-6,Japanese,/ˌdʒæpəˈniːz/,audio-manifest,初筛未提示文字差异,,只表示自动初筛没有文字差异；自然度、音色、词性变音和音标仍需人工听审。,Japanese.,未做第二模型,935,70,待逐条人工听审,,,
unit5-6/audio/l05-w12.mp3,9d846cedd6b384320a0e887126d6720e25df6e20de8b84449b7e36eee48bbce5,unit5-6,South Korean,/ˌsaʊθ kəˈriːən/,audio-manifest,初筛未提示文字差异,,只表示自动初筛没有文字差异；自然度、音色、词性变音和音标仍需人工听审。,South Korean.,未做第二模型,1028,70,待逐条人工听审,,,
unit5-6/audio/l05-w13.mp3,0bb28cb203bb51062f8fc1d852f0ffe47691962da2a33adce58a9eab2648202b,unit5-6,Chinese,/tʃaɪˈniːz/,audio-manifest,初筛未提示文字差异,,只表示自动初筛没有文字差异；自然度、音色、词性变音和音标仍需人工听审。,Chinese.,未做第二模型,837,70,待逐条人工听审,,,
unit5-6/audio/l06-p01.mp3,74694e275c3714c51ddb1a29439219764e1f22c3a63ecbb0d77d79795022c1a2,unit5-6,It's a Volvo. (Swedish),,audio-manifest,初筛未提示文字差异,,只表示自动初筛没有文字差异；自然度、音色、词性变音和音标仍需人工听审。,It's a Volvo Swedish.,未做第二模型,1898,70,待逐条人工听审,,,
unit5-6/audio/l06-p02.mp3,8c5916e08267a4fe87c89d2a8bacb15a8cca10d2b9f4f14b162f81fd29681885,unit5-6,It's a Peugeot. (French),,audio-manifest,初筛未提示文字差异,,只表示自动初筛没有文字差异；自然度、音色、词性变音和音标仍需人工听审。,It's a Peugeot French.,未做第二模型,1925,70,待逐条人工听审,,,
unit5-6/audio/l06-p03.mp3,756f62c624f5798c78576caeed5a4adbce393f6503e8b354de66ac7ae251d908,unit5-6,It's a Mercedes. (German),,audio-manifest,初筛未提示文字差异,,只表示自动初筛没有文字差异；自然度、音色、词性变音和音标仍需人工听审。,It's a Mercedes German.,未做第二模型,2097,70,待逐条人工听审,,,
unit5-6/audio/l06-p04.mp3,39887b1cae5cec09f338c6b040414c185fb9d3d72297962503ae03084b92388a,unit5-6,It's a Toyota. (Japanese),,audio-manifest,初筛未提示文字差异,,只表示自动初筛没有文字差异；自然度、音色、词性变音和音标仍需人工听审。,It's a Toyota Japanese.,未做第二模型,2126,70,待逐条人工听审,,,
unit5-6/audio/l06-p05.mp3,b7fc58e2b5ff8e78d0e487c8e2f66da0f7ff31d2641e1198aa84f51d0bd57f34,unit5-6,It's a Mini. (English),,audio-manifest,初筛未提示文字差异,,只表示自动初筛没有文字差异；自然度、音色、词性变音和音标仍需人工听审。,It's a mini English.,未做第二模型,1713,70,待逐条人工听审,,,
unit5-6/audio/l06-p06.mp3,cf2da9f6290834dbbfdc33b932f9289fcd4a3281e727a06833565e15f0ecfcce,unit5-6,It's a Ford. (American),,audio-manifest,初筛未提示文字差异,,只表示自动初筛没有文字差异；自然度、音色、词性变音和音标仍需人工听审。,It's a Ford American.,未做第二模型,1996,70,待逐条人工听审,,,
unit5-6/audio/l06-w01.mp3,d875a6951c5cb25217e3c35b9dae4d6468b4cb374a16416c02eeff7f9d5c64ac,unit5-6,make,/meɪk/,audio-manifest,初筛未提示文字差异,,只表示自动初筛没有文字差异；自然度、音色、词性变音和音标仍需人工听审。,Make,未做第二模型,622,70,待逐条人工听审,,,
unit5-6/audio/l06-w03.mp3,002fb7d7da4160ddd0ef5768aa41d8a4abce1dbcf4db3efb1c42c049f43023b0,unit5-6,English,/ˈɪŋɡlɪʃ/,audio-manifest,初筛未提示文字差异,,只表示自动初筛没有文字差异；自然度、音色、词性变音和音标仍需人工听审。,English.,未做第二模型,743,70,待逐条人工听审,,,
unit5-6/audio/l06-w04.mp3,0b3ec384cfd83b9753f6d9658d1cd754f0646ea3c1172ebe2c11bcf62926a688,unit5-6,American,/əˈmerɪkən/,audio-manifest,初筛未提示文字差异,,只表示自动初筛没有文字差异；自然度、音色、词性变音和音标仍需人工听审。,American,未做第二模型,828,70,待逐条人工听审,,,
unit5-6/audio/l06-w05.mp3,fbf0017cb2c9c16bacb1dd5da5c7afd830a340e003f80424fcd9f06c063f736a,unit5-6,Volvo,/ˈvɑːlvoʊ/,audio-manifest,初筛未提示文字差异,,只表示自动初筛没有文字差异；自然度、音色、词性变音和音标仍需人工听审。,Volvo.,未做第二模型,733,70,待逐条人工听审,,,
unit5-6/audio/l06-w06.mp3,ac79dc5f33b436013e26c59235cc9d5657b9b100a1a76a7b69aa26885960b849,unit5-6,Peugeot,/pɜːˈʒoʊ/,audio-manifest,初筛未提示文字差异,,只表示自动初筛没有文字差异；自然度、音色、词性变音和音标仍需人工听审。,Peugeot.,未做第二模型,746,70,待逐条人工听审,,,
unit5-6/audio/l06-w07.mp3,8d54973a8bb7ea908d8870005bfb2fb4999d666fd5abc77012bf5cc7c4e194f9,unit5-6,Mercedes,/mɚˈseɪdiːz/,audio-manifest,初筛未提示文字差异,,只表示自动初筛没有文字差异；自然度、音色、词性变音和音标仍需人工听审。,Mercedes.,未做第二模型,926,70,待逐条人工听审,,,
unit5-6/audio/l06-w09.mp3,7cb55844afcfb7be290dbb93d31e811ba66b29749e8ed7188968064f7a2eccc9,unit5-6,Ford,/fɔːrd/,audio-manifest,初筛未提示文字差异,,只表示自动初筛没有文字差异；自然度、音色、词性变音和音标仍需人工听审。,Ford.,未做第二模型,660,70,待逐条人工听审,,,
unit5-6/audio/model-01-a.mp3,264ca871df17966e44d785c5adaf0a430f9edcf370b1d6d166b4aa7afe1e85a4,unit5-6,She isn't a Swedish student. She's a French student.,,audio-manifest,初筛未提示文字差异,,只表示自动初筛没有文字差异；自然度、音色、词性变音和音标仍需人工听审。,"She isn't a Swedish student, she's a French student.",未做第二模型,3298,70,待逐条人工听审,,,
unit5-6/audio/model-01-q.mp3,41667dd9dbbfc3f4455ca4c3f34854f9d0a51dd178dcde1e1d3c3d79d57fef6d,unit5-6,Is she a French student or a Swedish student?,,audio-manifest,初筛未提示文字差异,,只表示自动初筛没有文字差异；自然度、音色、词性变音和音标仍需人工听审。,Is she a French student or a Swedish student?,未做第二模型,2625,70,待逐条人工听审,,,
unit5-6/audio/model-02-a.mp3,64873b7f2901ace0e745b7022df269870ce8e3f1a39c2ba32a00401ac0b8746f,unit5-6,It isn't a French car. It's a Swedish car.,,audio-manifest,初筛未提示文字差异,,只表示自动初筛没有文字差异；自然度、音色、词性变音和音标仍需人工听审。,"It isn't a French car, it's a Swedish car.",未做第二模型,3173,70,待逐条人工听审,,,
unit5-6/audio/model-02-q.mp3,bd61ee081502fe1020e375f6fb85e5dda138aba47e4d500aa338a3df9a21d78f,unit5-6,Is it a Swedish car or a French car?,,audio-manifest,初筛未提示文字差异,,只表示自动初筛没有文字差异；自然度、音色、词性变音和音标仍需人工听审。,Is it a Swedish car or a French car?,未做第二模型,2506,70,待逐条人工听审,,,
unit5-6/audio/model-03-a.mp3,4863487fdb429f7171cf6205103ba5a86c783839510cf87f9c71ad9527469a54,unit5-6,She isn't a German student. She's a Japanese student.,,audio-manifest,初筛未提示文字差异,,只表示自动初筛没有文字差异；自然度、音色、词性变音和音标仍需人工听审。,She isn't a German student. She's a Japanese student.,未做第二模型,3564,70,待逐条人工听审,,,
unit5-6/audio/model-03-q.mp3,0fdd68a9dbc0d2234c1a8a540de2eee3931bc3eb5592e7b7cb6724dc04fc22f9,unit5-6,Is she a Japanese student or a German student?,,audio-manifest,初筛未提示文字差异,,只表示自动初筛没有文字差异；自然度、音色、词性变音和音标仍需人工听审。,Is she a Japanese student or a German student?,未做第二模型,3013,70,待逐条人工听审,,,
unit5-6/audio/model-04-a.mp3,101b7c82cbb097ccee7bbfd2e1b6ee81e67766cb9ef3e60b9d7323bae09b9cc0,unit5-6,It isn't a German car. It's a French car.,,audio-manifest,初筛未提示文字差异,,只表示自动初筛没有文字差异；自然度、音色、词性变音和音标仍需人工听审。,"It isn't a German car, it's a French car.",未做第二模型,3015,70,待逐条人工听审,,,
unit5-6/audio/model-04-q.mp3,6c0488abb2106f85866f2cc6f57a998bc8595dd2d8b3ff9bdb61935f3b1dd7a9,unit5-6,Is it a French car or a German car?,,audio-manifest,初筛未提示文字差异,,只表示自动初筛没有文字差异；自然度、音色、词性变音和音标仍需人工听审。,Is it a French car or a German car?,未做第二模型,2571,70,待逐条人工听审,,,
unit5-6/audio/model-05-a.mp3,8521981d986528752618a66414aaa6c84bf03203a08970958a00474d03e34df1,unit5-6,He isn't a French student. He's a German student.,,audio-manifest,初筛未提示文字差异,,只表示自动初筛没有文字差异；自然度、音色、词性变音和音标仍需人工听审。,"He isn't a French student, he's a German student.",未做第二模型,3258,70,待逐条人工听审,,,
unit5-6/audio/model-05-q.mp3,ee207c8194525653d3d25ca256b8f5b1f0979d33aa40afe6e6ab7f1356b49075,unit5-6,Is he a German student or a French student?,,audio-manifest,初筛未提示文字差异,,只表示自动初筛没有文字差异；自然度、音色、词性变音和音标仍需人工听审。,Is he a German student or a French student?,未做第二模型,2685,70,待逐条人工听审,,,
unit5-6/audio/model-06-a.mp3,af7f0dcf877dbad2878e84cc3236797ae460bb20d2f47956ea59c5a09df95708,unit5-6,She isn't a Japanese student. She's a Chinese student.,,audio-manifest,初筛未提示文字差异,,只表示自动初筛没有文字差异；自然度、音色、词性变音和音标仍需人工听审。,"She isn't a Japanese student, she's a Chinese student.",未做第二模型,3558,70,待逐条人工听审,,,
unit5-6/audio/model-06-q.mp3,83f8092542bc2cf90ecaf68f2f4ffae4ec05cec59de9610a2937e3be9c7a21da,unit5-6,Is she a Chinese student or a Japanese student?,,audio-manifest,初筛未提示文字差异,,只表示自动初筛没有文字差异；自然度、音色、词性变音和音标仍需人工听审。,Is she a Chinese student or a Japanese student?,未做第二模型,3011,70,待逐条人工听审,,,
unit5-6/audio/model-07-a.mp3,cd67d1ab47805064f44041c7277d434b82377d70a5a8567599403465652ed905,unit5-6,It isn't an American car. It's an English car.,,audio-manifest,初筛未提示文字差异,,只表示自动初筛没有文字差异；自然度、音色、词性变音和音标仍需人工听审。,"It isn't an American car, it's an English car.",未做第二模型,3308,70,待逐条人工听审,,,
unit5-6/audio/model-07-q.mp3,e5f2d346a3da192e41ab4a6dff41c0fbec3aec562051e873fd05a41c5333ae90,unit5-6,Is it an English car or an American car?,,audio-manifest,初筛未提示文字差异,,只表示自动初筛没有文字差异；自然度、音色、词性变音和音标仍需人工听审。,Is it an English car or an American car?,未做第二模型,2879,70,待逐条人工听审,,,
unit5-6/audio/model-08-a.mp3,e9365ecf21c1e0d59dd2b8b1aae162669c0ef1053e72a855f01393c2e4b839c4,unit5-6,He isn't a Japanese student. He's a South Korean student.,,audio-manifest,初筛未提示文字差异,,只表示自动初筛没有文字差异；自然度、音色、词性变音和音标仍需人工听审。,"He isn't a Japanese student, he's a South Korean student.",未做第二模型,3885,70,待逐条人工听审,,,
unit5-6/audio/model-08-q.mp3,9844111019999a6225cbdb25497cce925754af47c8f81191baf6cdd7800cf1f4,unit5-6,Is he a South Korean student or a Japanese student?,,audio-manifest,初筛未提示文字差异,,只表示自动初筛没有文字差异；自然度、音色、词性变音和音标仍需人工听审。,Is he a South Korean student or a Japanese student?,未做第二模型,3367,70,待逐条人工听审,,,
unit5-6/audio/model-09-a.mp3,d6907074a4bc2d07008bbbcdee730e550bfd80c9c26e4d985f7c5e6cb692f832,unit5-6,He isn't an English student. He's a Chinese student.,,audio-manifest,初筛未提示文字差异,,只表示自动初筛没有文字差异；自然度、音色、词性变音和音标仍需人工听审。,"He isn't an English student, he's a Chinese student.",未做第二模型,3416,70,待逐条人工听审,,,
unit5-6/audio/model-09-q.mp3,20ec128cd873fcf53028144a1755db231abdb25f5e7a7c50c66b7dfd00c73f80,unit5-6,Is he a Chinese student or an English student?,,audio-manifest,初筛未提示文字差异,,只表示自动初筛没有文字差异；自然度、音色、词性变音和音标仍需人工听审。,Is he a Chinese student or an English student?,未做第二模型,2811,70,待逐条人工听审,,,
unit5-6/audio/model-10-a.mp3,668146639cf88e3a69f64e8252753a4f01a516ada45d95fc35ea33b891a5c176,unit5-6,It isn't a French car. It's a German car.,,audio-manifest,初筛未提示文字差异,,只表示自动初筛没有文字差异；自然度、音色、词性变音和音标仍需人工听审。,"It isn't a French car, it's a German car.",未做第二模型,3044,70,待逐条人工听审,,,
unit5-6/audio/model-10-q.mp3,11db92f5b4ab09e45033c2a9a80a8649046a98891e2c9f7a7d05138e581d4b2b,unit5-6,Is it a German car or a French car?,,audio-manifest,初筛未提示文字差异,,只表示自动初筛没有文字差异；自然度、音色、词性变音和音标仍需人工听审。,Is it a German car or a French car?,未做第二模型,2496,70,待逐条人工听审,,,
unit5-6/audio/model-11-a.mp3,d886bf1ee2296270f9ae3b143f3d6ac9043a4bde762ae914d59a13b633a9a7f3,unit5-6,It isn't a Chinese car. It's a Japanese car.,,audio-manifest,初筛未提示文字差异,,只表示自动初筛没有文字差异；自然度、音色、词性变音和音标仍需人工听审。,"It isn't a Chinese car, it's a Japanese car.",未做第二模型,3395,70,待逐条人工听审,,,
unit5-6/audio/model-11-q.mp3,6f493f246752d058cc59289c9abe6b376f3888cc1efffe6a744e561164d9335a,unit5-6,Is it a Japanese car or a Chinese car?,,audio-manifest,初筛未提示文字差异,,只表示自动初筛没有文字差异；自然度、音色、词性变音和音标仍需人工听审。,Is it a Japanese car or a Chinese car?,未做第二模型,2811,70,待逐条人工听审,,,
unit5-6/audio/model-12-a.mp3,e9bcb69785e1e116f61c7c8421ddcd5011b5823f42c83e3469324ddb1eb42209,unit5-6,It isn't an English car. It's an American car.,,audio-manifest,初筛未提示文字差异,,只表示自动初筛没有文字差异；自然度、音色、词性变音和音标仍需人工听审。,"It isn't an English car, it's an American car.",未做第二模型,3319,70,待逐条人工听审,,,
unit5-6/audio/model-12-q.mp3,b592748b0db3a3440e0dafa4bd8e7855067faa2a068dd227044b9c014ed50032,unit5-6,Is it an American car or an English car?,,audio-manifest,初筛未提示文字差异,,只表示自动初筛没有文字差异；自然度、音色、词性变音和音标仍需人工听审。,Is it an American car or an English car?,未做第二模型,2793,70,待逐条人工听审,,,
unit5-6/audio/reference-alice.mp3,7d5c817af465149ea98fc4220de96a494124aef2af82ff45178c6748b62054bc,unit5-6,Alice is a student. She isn't German. She is French.,,audio-manifest,初筛未提示文字差异,,只表示自动初筛没有文字差异；自然度、音色、词性变音和音标仍需人工听审。,"Alice is a student, she isn't German, she is French.",未做第二模型,3471,70,待逐条人工听审,,,
unit5-6/audio/reference-her-car.mp3,a88e3f6b436050af610b0ce6d35012e6f38e5e267a2742cd1175fd2f4779c6ae,unit5-6,This is her car. It is a French car.,,audio-manifest,初筛未提示文字差异,,只表示自动初筛没有文字差异；自然度、音色、词性变音和音标仍需人工听审。,"This is her car, it is a French car.",未做第二模型,2775,70,待逐条人工听审,,,
unit5-6/audio/reference-his-car.mp3,1867de91726ba183e3bbd802397899a59c89bb26dcb384b986f9bbbee6604a5e,unit5-6,This is his car. It is a German car.,,audio-manifest,初筛未提示文字差异,,只表示自动初筛没有文字差异；自然度、音色、词性变音和音标仍需人工听审。,"This is his car, it is a German car.",未做第二模型,2846,70,待逐条人工听审,,,
unit5-6/audio/what-make.mp3,94d5e4472935b1d1d34f7a6c4948dc8cdec4aa843f696e7929afca5f5c334f1f,unit5-6,What make is it?,,audio-manifest,初筛未提示文字差异,,只表示自动初筛没有文字差异；自然度、音色、词性变音和音标仍需人工听审。,What make is it?,未做第二模型,1199,70,待逐条人工听审,,,
unit7-8/audio/challenge-record.mp3,5565ec615f23658747e6be8000339025bfdc56cab3ef11e6f887b839644c3ded,unit7-8,I'm Italian. I'm a nurse.,,audio-manifest,初筛未提示文字差异,,只表示自动初筛没有文字差异；自然度、音色、词性变音和音标仍需人工听审。,"I'm Italian, I'm a nurse.",未做第二模型,1782,80,待逐条人工听审,,,
unit7-8/audio/interview-01.mp3,fe91f0e75d5182c52c9e63c97e689170df620ca8f54b021e2f79a4568c74241a,unit7-8,"What's her job? Is she a keyboard operator? Yes, she is.",,audio-manifest,初筛未提示文字差异,,只表示自动初筛没有文字差异；自然度、音色、词性变音和音标仍需人工听审。,"What's her job? Is she a keyboard operator? Yes, she is.",未做第二模型,3624,70,待逐条人工听审,,,
unit7-8/audio/interview-02.mp3,0348b4cbf6eb64e64af85cc3b62349e30b9cf55eb16d98755dd346f09bb80335,unit7-8,"What's his job? Is he an engineer? Yes, he is.",,audio-manifest,初筛未提示文字差异,,只表示自动初筛没有文字差异；自然度、音色、词性变音和音标仍需人工听审。,"What's his job? Is he an engineer? Yes, he is.",未做第二模型,3148,70,待逐条人工听审,,,
unit7-8/audio/interview-03.mp3,6fce046dedb715c0520d9996f6127374987748c24c2b504b4b9a37d0b89e0f08,unit7-8,"What's his job? Is he a policeman? Yes, he is.",,audio-manifest,初筛未提示文字差异,,只表示自动初筛没有文字差异；自然度、音色、词性变音和音标仍需人工听审。,"What's his job? Is he a policeman? Yes, he is.",未做第二模型,3201,70,待逐条人工听审,,,
unit7-8/audio/interview-04.mp3,968ead721ba13945e9242e77d7bec0babe20b61c392c05139a6b33537da8551f,unit7-8,"What's her job? Is she a policewoman? Yes, she is.",,audio-manifest,初筛未提示文字差异,,只表示自动初筛没有文字差异；自然度、音色、词性变音和音标仍需人工听审。,"What's her job is she a police woman? Yes, she is.",未做第二模型,3165,70,待逐条人工听审,,,
unit7-8/audio/interview-05.mp3,ef06e61437b2702027a98bbe239cce95b95222d5d75434e8e6a5cde9febcc573,unit7-8,"What's his job? Is he a taxi driver? Yes, he is.",,audio-manifest,初筛未提示文字差异,,只表示自动初筛没有文字差异；自然度、音色、词性变音和音标仍需人工听审。,"What's his job? Is he a taxi driver? Yes, he is.",未做第二模型,3399,70,待逐条人工听审,,,
unit7-8/audio/interview-06.mp3,088b321a309795aaa8169c80090a8f4cc6884ffc67e4e4bd27c90ff589a8bbfa,unit7-8,"What's her job? Is she an air hostess? Yes, she is.",,audio-manifest,初筛未提示文字差异,,只表示自动初筛没有文字差异；自然度、音色、词性变音和音标仍需人工听审。,"What's her job? Is she an air hostess? Yes, she is.",未做第二模型,3437,70,待逐条人工听审,,,
unit7-8/audio/interview-07.mp3,fa3853f9ee9a39e73fb60f19e41413fb253a135fbef97958077f9917adb669cd,unit7-8,"What's his job? Is he a postman? Yes, he is.",,audio-manifest,初筛未提示文字差异,,只表示自动初筛没有文字差异；自然度、音色、词性变音和音标仍需人工听审。,"What's his job? Is he a postman? Yes, he is.",未做第二模型,3202,70,待逐条人工听审,,,
unit7-8/audio/interview-08.mp3,6ff3f7cd3bf164210574f4b46ddb5fdd0cfcfa53b9e0190520a1bc42c5abb2cf,unit7-8,"What's her job? Is she a nurse? Yes, she is.",,audio-manifest,初筛未提示文字差异,,只表示自动初筛没有文字差异；自然度、音色、词性变音和音标仍需人工听审。,"What's her job is she a nurse? Yes, she is.",未做第二模型,2915,70,待逐条人工听审,,,
unit7-8/audio/interview-09.mp3,15315b39adb3553950c968c3a3814e231ca374f2f0501c6ad9c1ed76e6f91b07,unit7-8,"What's his job? Is he a mechanic? Yes, he is.",,audio-manifest,初筛未提示文字差异,,只表示自动初筛没有文字差异；自然度、音色、词性变音和音标仍需人工听审。,"What's his job? Is he a mechanic? Yes, he is.",未做第二模型,3156,70,待逐条人工听审,,,
unit7-8/audio/interview-10.mp3,949e91512ad0c46006c6b7010a8d061d44aebf2ea4f9697f18c9845fb834ad73,unit7-8,"What's his job? Is he a hairdresser? Yes, he is.",,audio-manifest,初筛未提示文字差异,,只表示自动初筛没有文字差异；自然度、音色、词性变音和音标仍需人工听审。,"What's his job? Is he a hairdresser? Yes, he is.",未做第二模型,3201,70,待逐条人工听审,,,
unit7-8/audio/interview-11.mp3,b762a23a18289ce00f8e14f0b1f3ed21c3e564039f6c2e335ceb0bea66b76803,unit7-8,"What's her job? Is she a housewife? Yes, she is.",,audio-manifest,初筛未提示文字差异,,只表示自动初筛没有文字差异；自然度、音色、词性变音和音标仍需人工听审。,"What's her job? Is she a housewife? Yes, she is.",未做第二模型,3118,70,待逐条人工听审,,,
unit7-8/audio/interview-12.mp3,b3d46ba81b177f5735c902a183c1ad4de28b4071ecab9dc182a09ee7138174db,unit7-8,"What's his job? Is he a milkman? Yes, he is.",,audio-manifest,初筛未提示文字差异,,只表示自动初筛没有文字差异；自然度、音色、词性变音和音标仍需人工听审。,"What's his job? Is he a milkman? Yes, he is.",未做第二模型,3127,70,待逐条人工听审,,,
unit7-8/audio/keyboard-operator.mp3,b752ee31d206b320ab80a8c13531d790aaec77ae35a2e04e312abc911f6a8391,unit7-8,keyboard operator,/ˈkiːbɔːrd ˌɑːpəreɪt̬ɚ/,audio-manifest,初筛未提示文字差异,,只表示自动初筛没有文字差异；自然度、音色、词性变音和音标仍需人工听审。,keyboard operator.,未做第二模型,1316,70,待逐条人工听审,,,
unit7-8/audio/l07-d01.mp3,226ee8d63d051f41437d50ea474a678e31116e852f954a0adc8c240a6793aea3,unit7-8,I am a new student.,,audio-manifest,初筛未提示文字差异,,只表示自动初筛没有文字差异；自然度、音色、词性变音和音标仍需人工听审。,I am a new student.,未做第二模型,1464,70,待逐条人工听审,,,
unit7-8/audio/l07-d02.mp3,27e7f8b2da4bd115a6fa4f095dc4cc914cbd17ef197ea5a034192be803a31d4e,unit7-8,My name's Robert.,,audio-manifest,初筛未提示文字差异,,只表示自动初筛没有文字差异；自然度、音色、词性变音和音标仍需人工听审。,My name's Robert.,未做第二模型,1442,80,待逐条人工听审,,,
unit7-8/audio/l07-d03.mp3,79e61b8db9d549eafb5275b7675e26f4f765a7e7980c0b6deead808e1cc6c447,unit7-8,Nice to meet you.,,audio-manifest,初筛未提示文字差异,,只表示自动初筛没有文字差异；自然度、音色、词性变音和音标仍需人工听审。,Nice to meet you.,未做第二模型,1212,70,待逐条人工听审,,,
unit7-8/audio/l07-d04.mp3,c71b8e2df45ddd0d6d648eeda43baad38ef5b35609e52307efa0c82b21c9d818,unit7-8,My name's Sophie.,,audio-manifest,初筛未提示文字差异,,只表示自动初筛没有文字差异；自然度、音色、词性变音和音标仍需人工听审。,My name's Sophie.,未做第二模型,1282,70,待逐条人工听审,,,
unit7-8/audio/l07-d05.mp3,5cc02b372788bdd1d7b29b0668ba6324429ea57306681ad2da8f5cb69850a8d7,unit7-8,Are you French?,,audio-manifest,初筛未提示文字差异,,只表示自动初筛没有文字差异；自然度、音色、词性变音和音标仍需人工听审。,Are you French?,未做第二模型,1174,70,待逐条人工听审,,,
unit7-8/audio/l07-d06.mp3,50c1c4e2f06c53ce45d749c7ce55fe9e0f51d7b88e6beb12ba7f46a7589c2cd5,unit7-8,"Yes, I am.",,audio-manifest,初筛未提示文字差异,,只表示自动初筛没有文字差异；自然度、音色、词性变音和音标仍需人工听审。,"Yes, I am.",未做第二模型,1075,70,待逐条人工听审,,,
unit7-8/audio/l07-d07.mp3,c138861864f017004939d7213165682432a9846bf1e516f6c6432f0b81aff48a,unit7-8,"Are you French, too?",,audio-manifest,初筛未提示文字差异,,只表示自动初筛没有文字差异；自然度、音色、词性变音和音标仍需人工听审。,"Are you French, too?",未做第二模型,1329,70,待逐条人工听审,,,
unit7-8/audio/l07-d08.mp3,42c80f4a7e8a56080817a55e0556b79e4f39fa1f74906d27a2b7e4892c2228a7,unit7-8,"No, I am not.",,audio-manifest,初筛未提示文字差异,,只表示自动初筛没有文字差异；自然度、音色、词性变音和音标仍需人工听审。,"No, I am not.",未做第二模型,1293,70,待逐条人工听审,,,
unit7-8/audio/l07-d09.mp3,2b44f0516cd455ff5ec4951e87a08f3086509fd37a5487d340a88d96dedaa20e,unit7-8,What nationality are you?,,audio-manifest,初筛未提示文字差异,,只表示自动初筛没有文字差异；自然度、音色、词性变音和音标仍需人工听审。,What nationality are you?,未做第二模型,1666,70,待逐条人工听审,,,
unit7-8/audio/l07-d10.mp3,3ffe512193cfefc1bc76dbb633ee64b7f8c1ad86e936d0613cfe6d691a14b35f,unit7-8,I'm Italian.,,audio-manifest,初筛未提示文字差异,,只表示自动初筛没有文字差异；自然度、音色、词性变音和音标仍需人工听审。,I'm Italian.,未做第二模型,1240,70,待逐条人工听审,,,
unit7-8/audio/l07-d11.mp3,d8a8fefc6ff811e9e02999a6c56b0b0b3f0f5fda49b3f07c27f024aca36e8df0,unit7-8,Are you a teacher?,,audio-manifest,初筛未提示文字差异,,只表示自动初筛没有文字差异；自然度、音色、词性变音和音标仍需人工听审。,Are you a teacher?,未做第二模型,1375,60,待逐条人工听审,,,
unit7-8/audio/l07-d12.mp3,7f5b14e9012497402410cda6f9145a8282cabcaa36d6f2008cb432fb19990d5c,unit7-8,"No, I'm not.",,audio-manifest,初筛未提示文字差异,,只表示自动初筛没有文字差异；自然度、音色、词性变音和音标仍需人工听审。,"No, I'm not.",未做第二模型,1109,70,待逐条人工听审,,,
unit7-8/audio/l07-d13.mp3,1fa50aaa26d894314ac6175cb384ba2cb1af003fbe184c9e03e5b9647bf2d8d3,unit7-8,What's your job?,,audio-manifest,初筛未提示文字差异,,只表示自动初筛没有文字差异；自然度、音色、词性变音和音标仍需人工听审。,What's your job?,未做第二模型,1309,70,待逐条人工听审,,,
unit7-8/audio/l07-d14.mp3,54a9d0e6a020ba179aff73ac48a96cd087f55955aed2f4716c36d9b7bc50b468,unit7-8,I'm a keyboard operator.,,audio-manifest,初筛未提示文字差异,,只表示自动初筛没有文字差异；自然度、音色、词性变音和音标仍需人工听审。,I'm a keyboard operator.,未做第二模型,1591,70,待逐条人工听审,,,
unit7-8/audio/l07-d15.mp3,5e95bf2c99238a6306c921fd443e68f8980a5466240e6ea631471225d0217147,unit7-8,What's your job?,,audio-manifest,初筛未提示文字差异,,只表示自动初筛没有文字差异；自然度、音色、词性变音和音标仍需人工听审。,What's your job?,未做第二模型,1137,70,待逐条人工听审,,,
unit7-8/audio/l07-d16.mp3,599df8ed064f5a22a71233a3686d64376b0c22c3d1d5a215b86c8626321dae88,unit7-8,I'm an engineer.,,audio-manifest,初筛未提示文字差异,,只表示自动初筛没有文字差异；自然度、音色、词性变音和音标仍需人工听审。,I'm an engineer.,未做第二模型,1402,70,待逐条人工听审,,,
unit7-8/audio/l07-w01-v2.mp3,7161ed477f308aa7e07dc6c41b133d7a4a097bc3bfa82fd2b232d85d83dac1e0,unit7-8,I,/aɪ/,audio-manifest,初筛未提示文字差异,,只表示自动初筛没有文字差异；自然度、音色、词性变音和音标仍需人工听审。,I,未做第二模型,595,70,待逐条人工听审,,,
unit7-8/audio/l07-w04.mp3,c68da48263628014cadc6df6c121126f06271e0190d01690c032418fb38852c3,unit7-8,name,/neɪm/,audio-manifest,初筛未提示文字差异,,只表示自动初筛没有文字差异；自然度、音色、词性变音和音标仍需人工听审。,Name.,未做第二模型,723,70,待逐条人工听审,,,
unit7-8/audio/l07-w05.mp3,faa634f8de186d1d61e31f35edcb588076b1f5b4ed053a90c2abff883d91be48,unit7-8,what,/wɑːt/,audio-manifest,初筛未提示文字差异,,只表示自动初筛没有文字差异；自然度、音色、词性变音和音标仍需人工听审。,What?,未做第二模型,693,70,待逐条人工听审,,,
unit7-8/audio/l07-w06.mp3,91bf9988748ab7ae744dec794157b0d62edb42ea81b0cb971fd17c9fb016c9d9,unit7-8,nationality,/ˌnæʃənˈælət̬i/,audio-manifest,初筛未提示文字差异,,只表示自动初筛没有文字差异；自然度、音色、词性变音和音标仍需人工听审。,Nationality.,未做第二模型,1064,70,待逐条人工听审,,,
unit7-8/audio/l07-w07.mp3,bc29d03eefd13a0d4f073589344824db9b2ca29caf540f98aeffe965b68fff61,unit7-8,Italian,/ɪˈtæljən/,audio-manifest,初筛未提示文字差异,,只表示自动初筛没有文字差异；自然度、音色、词性变音和音标仍需人工听审。,Italian.,未做第二模型,839,70,待逐条人工听审,,,
unit7-8/audio/l07-w08.mp3,dbe496ef886db202463eb9c392481f84b1303326c3f2547ab2fbb94292830ca7,unit7-8,job,/dʒɑːb/,audio-manifest,初筛未提示文字差异,,只表示自动初筛没有文字差异；自然度、音色、词性变音和音标仍需人工听审。,Job.,未做第二模型,660,70,待逐条人工听审,,,
unit7-8/audio/l07-w09.mp3,a8356670176e79c48d18c9ff2b37cce792cccabbbe97ea79474becaaed0e7232,unit7-8,keyboard,/ˈkiːbɔːrd/,audio-manifest,初筛未提示文字差异,,只表示自动初筛没有文字差异；自然度、音色、词性变音和音标仍需人工听审。,keyboard,未做第二模型,778,80,待逐条人工听审,,,
unit7-8/audio/l07-w10.mp3,49edb1b440e85e2845c14e990dd0584fe02f58b0c758e0461986cbf5b16bc850,unit7-8,operator,/ˈɑːpəreɪt̬ɚ/,audio-manifest,初筛未提示文字差异,,只表示自动初筛没有文字差异；自然度、音色、词性变音和音标仍需人工听审。,Operator.,未做第二模型,846,70,待逐条人工听审,,,
unit7-8/audio/l07-w11.mp3,db7426bc41513f2f4e8a0ccf5c1175a2c7d156df8ef1486d4521bdb638d0f8fd,unit7-8,engineer,/ˌendʒɪˈnɪr/,audio-manifest,初筛未提示文字差异,,只表示自动初筛没有文字差异；自然度、音色、词性变音和音标仍需人工听审。,Engineer.,未做第二模型,847,70,待逐条人工听审,,,
unit7-8/audio/l08-p01.mp3,8450d778535b1602c6cad66cb133e5ddfdd9bc25ab0cccb88209387a096949a3,unit7-8,I'm a policeman.,,audio-manifest,初筛未提示文字差异,,只表示自动初筛没有文字差异；自然度、音色、词性变音和音标仍需人工听审。,I'm a policeman.,未做第二模型,1226,70,待逐条人工听审,,,
unit7-8/audio/l08-p02.mp3,02256cd3b7850787cafa8d3831060e69404bd8bb977ce9f038a684ed607a14b1,unit7-8,I'm a policewoman.,,audio-manifest,初筛未提示文字差异,,只表示自动初筛没有文字差异；自然度、音色、词性变音和音标仍需人工听审。,I'm a police woman.,未做第二模型,1274,70,待逐条人工听审,,,
unit7-8/audio/l08-p03.mp3,75581aad4aeca8fe8da1460e525c93ce9c3f868dfbfcb464f7abee762a4a0c49,unit7-8,I'm a taxi driver.,,audio-manifest,初筛未提示文字差异,,只表示自动初筛没有文字差异；自然度、音色、词性变音和音标仍需人工听审。,I'm a taxi driver.,未做第二模型,1595,70,待逐条人工听审,,,
unit7-8/audio/l08-p04.mp3,90ef13e0f72b57a5b8db8b570ab49e302fe577e4ec080d46b29a512450fa1934,unit7-8,I'm an air hostess.,,audio-manifest,初筛未提示文字差异,,只表示自动初筛没有文字差异；自然度、音色、词性变音和音标仍需人工听审。,I'm an air hostess.,未做第二模型,1391,70,待逐条人工听审,,,
unit7-8/audio/l08-p05.mp3,6de7a60519874c2bd3dcbb7f9c5715c7b9413c3445f6fc62b2dbc329d14e3669,unit7-8,I'm a postman.,,audio-manifest,初筛未提示文字差异,,只表示自动初筛没有文字差异；自然度、音色、词性变音和音标仍需人工听审。,I'm a postman.,未做第二模型,1250,70,待逐条人工听审,,,
unit7-8/audio/l08-p06.mp3,6d1d1016eb9addc4e4ce8add34d6d1769dde14a9d842fb3722f445b8cd89d238,unit7-8,I'm a nurse.,,audio-manifest,初筛未提示文字差异,,只表示自动初筛没有文字差异；自然度、音色、词性变音和音标仍需人工听审。,I'm a nurse.,未做第二模型,984,70,待逐条人工听审,,,
unit7-8/audio/l08-p07.mp3,5abeaae3074f9dc60407dea0497306f59486bc7b3fd6670824ab83e9581fbfb5,unit7-8,I'm a mechanic.,,audio-manifest,初筛未提示文字差异,,只表示自动初筛没有文字差异；自然度、音色、词性变音和音标仍需人工听审。,I'm a mechanic.,未做第二模型,1270,70,待逐条人工听审,,,
unit7-8/audio/l08-p08.mp3,56375534c3710038429a22182bdfc78359f86271fb8bb459effda3c8b01f0680,unit7-8,I'm a hairdresser.,,audio-manifest,初筛未提示文字差异,,只表示自动初筛没有文字差异；自然度、音色、词性变音和音标仍需人工听审。,I'm a hairdresser.,未做第二模型,1346,70,待逐条人工听审,,,
unit7-8/audio/l08-p09.mp3,1ea7ada25178320214be16721cb0da9e140f61b11e12633293aba855b97e6734,unit7-8,I'm a housewife.,,audio-manifest,初筛未提示文字差异,,只表示自动初筛没有文字差异；自然度、音色、词性变音和音标仍需人工听审。,I'm a housewife.,未做第二模型,1178,70,待逐条人工听审,,,
unit7-8/audio/l08-p10.mp3,d34a4eccdbb00f728fed9c729d1c40e78c6b73ccffa8fc223a53bc00755ace4b,unit7-8,I'm a milkman.,,audio-manifest,初筛未提示文字差异,,只表示自动初筛没有文字差异；自然度、音色、词性变音和音标仍需人工听审。,I'm a milkman.,未做第二模型,1221,70,待逐条人工听审,,,
unit7-8/audio/l08-w02.mp3,d0b02d82cd55f26f30e84387278ec66713b23d67ef69c212de67bc0f3f1a3a63,unit7-8,policewoman,/pəˈliːsˌwʊmən/,audio-manifest,初筛未提示文字差异,,只表示自动初筛没有文字差异；自然度、音色、词性变音和音标仍需人工听审。,Police woman.,未做第二模型,974,70,待逐条人工听审,,,
unit7-8/audio/l08-w03.mp3,7f0da0b3813d6e0900eb1e7dcd2a6d592ad4705fd5657d693a907d2992cd8f11,unit7-8,taxi driver,/ˈtæksi ˌdraɪvɚ/,audio-manifest,初筛未提示文字差异,,只表示自动初筛没有文字差异；自然度、音色、词性变音和音标仍需人工听审。,Taxi driver.,未做第二模型,1155,70,待逐条人工听审,,,
unit7-8/audio/l08-w04.mp3,b2450f1dbfcb1f10a6932c241f1699e82c870e23c185c21507a707ed13367420,unit7-8,air hostess,/ˈer ˌhoʊstɪs/,audio-manifest,初筛未提示文字差异,,只表示自动初筛没有文字差异；自然度、音色、词性变音和音标仍需人工听审。,Air Hostess.,未做第二模型,1036,80,待逐条人工听审,,,
unit7-8/audio/l08-w05.mp3,fd2f5bdfbf40d8c7efcd7f9ef8465d22c4d89757c1e605a87aee48362e1724c0,unit7-8,postman,/ˈpoʊstmən/,audio-manifest,初筛未提示文字差异,,只表示自动初筛没有文字差异；自然度、音色、词性变音和音标仍需人工听审。,Postman,未做第二模型,788,70,待逐条人工听审,,,
unit7-8/audio/l08-w06.mp3,27c195ed2b04aa58de398ef8f5bfa1ab2f49ff514064f6290e229958b0585948,unit7-8,nurse,/nɝːs/,audio-manifest,初筛未提示文字差异,,只表示自动初筛没有文字差异；自然度、音色、词性变音和音标仍需人工听审。,nurse,未做第二模型,749,70,待逐条人工听审,,,
unit7-8/audio/l08-w07.mp3,4ab751fdae4c11b7b7ff8a54df95e6cb2058d2f16af33b4e8ffacc807128bba7,unit7-8,mechanic,/məˈkænɪk/,audio-manifest,初筛未提示文字差异,,只表示自动初筛没有文字差异；自然度、音色、词性变音和音标仍需人工听审。,mechanic,未做第二模型,868,70,待逐条人工听审,,,
unit7-8/audio/l08-w08.mp3,1b6614651cbd434ac968e76905f4f453f693ef9593c0ddf7e4883871686eb53e,unit7-8,hairdresser,/ˈherˌdresɚ/,audio-manifest,初筛未提示文字差异,,只表示自动初筛没有文字差异；自然度、音色、词性变音和音标仍需人工听审。,Hairdresser.,未做第二模型,970,70,待逐条人工听审,,,
unit7-8/audio/l08-w09.mp3,11fe03daf94d6ee62cd257d3f34ccb01472f0b37d288b5a5685c15c0548ec939,unit7-8,housewife,/ˈhaʊswaɪf/,audio-manifest,初筛未提示文字差异,,只表示自动初筛没有文字差异；自然度、音色、词性变音和音标仍需人工听审。,Housewife.,未做第二模型,820,70,待逐条人工听审,,,
unit7-8/audio/l08-w10.mp3,e7f17ae0dc6aba5c87d0def6e78d9d8a361fed64d8829c0c2fcebade9a287625,unit7-8,milkman,/ˈmɪlkmən/,audio-manifest,初筛未提示文字差异,,只表示自动初筛没有文字差异；自然度、音色、词性变音和音标仍需人工听审。,Milkman,未做第二模型,857,70,待逐条人工听审,,,
unit7-8/audio/written-a-01.mp3,b17c78dfca7db8a020b9cb718139684d340af2055374d287a8b6d87050fb059b,unit7-8,My name is Xiaohui. I am Chinese.,,audio-manifest,初筛未提示文字差异,,只表示自动初筛没有文字差异；自然度、音色、词性变音和音标仍需人工听审。,My name is Xiao Hui. I am Chinese.,未做第二模型,2564,70,待逐条人工听审,,,
unit7-8/audio/written-a-02.mp3,8fa510aa2530012041ed29c8e070a02f378958945bcb767fe5b132362e7cd08f,unit7-8,My name is Robert. I am a student. I am Italian.,,audio-manifest,初筛未提示文字差异,,只表示自动初筛没有文字差异；自然度、音色、词性变音和音标仍需人工听审。,My name is Robert. I am a student. I am Italian.,未做第二模型,3218,70,待逐条人工听审,,,
unit7-8/audio/written-a-03.mp3,af5505a27399a91e6e4082f3acad288581614329fa85b2c4e0c3b759c8dd9e62,unit7-8,Sophie is not Italian. She is French.,,audio-manifest,初筛未提示文字差异,,只表示自动初筛没有文字差异；自然度、音色、词性变音和音标仍需人工听审。,"Sophie is not Italian, she is French.",未做第二模型,2598,70,待逐条人工听审,,,
unit7-8/audio/written-a-04.mp3,495033a5ebab14f99ec873943377b8f5f7542b32d3d597cfea07d4cc18c1de63,unit7-8,Mr. Blake is my teacher. He is not French.,,audio-manifest,初筛未提示文字差异,,只表示自动初筛没有文字差异；自然度、音色、词性变音和音标仍需人工听审。,Mr. Blake is my teacher. He is not French.,未做第二模型,2868,70,待逐条人工听审,,,
unit9-10/audio/challenge-tony.mp3,64bd91151cf5c902bd3095d4d7d1f83d3c306a9f9438bb764cc069244eba261a,unit9-10,"Tony is very well, thanks.",,audio-manifest,初筛未提示文字差异,,只表示自动初筛没有文字差异；自然度、音色、词性变音和音标仍需人工听审。,"Tony is very well, thanks.",未做第二模型,1877,70,待逐条人工听审,,,
unit9-10/audio/l09-d01.mp3,c45027568c775a5284d0b32008479e402a804d592dd6f425be3e8d1bb3604f03,unit9-10,"Hello, Helen.",,audio-manifest,初筛未提示文字差异,,只表示自动初筛没有文字差异；自然度、音色、词性变音和音标仍需人工听审。,Hello Helen.,未做第二模型,1210,70,待逐条人工听审,,,
unit9-10/audio/l09-d03.mp3,d39a8ebc96c26852411e45e4e801dea01c833b74123fdb5dee1a9041f13b6598,unit9-10,How are you today?,,audio-manifest,初筛未提示文字差异,,只表示自动初筛没有文字差异；自然度、音色、词性变音和音标仍需人工听审。,How are you today?,未做第二模型,1352,70,待逐条人工听审,,,
unit9-10/audio/l09-d04.mp3,1fb81e4d62ef9a30b975982de6330d3f1c8ed73384cfe64da0615db8a969551c,unit9-10,"I'm very well, thank you.",,audio-manifest,初筛未提示文字差异,,只表示自动初筛没有文字差异；自然度、音色、词性变音和音标仍需人工听审。,"I'm very well, thank you.",未做第二模型,1498,70,待逐条人工听审,,,
unit9-10/audio/l09-d05.mp3,8bf875150d1f2e89d38b606bd38b0589fa82c8887d1a1a5c32b8f3f082eb4087,unit9-10,And you?,,audio-manifest,初筛未提示文字差异,,只表示自动初筛没有文字差异；自然度、音色、词性变音和音标仍需人工听审。,and you.,未做第二模型,890,80,待逐条人工听审,,,
unit9-10/audio/l09-d06.mp3,ea65d4d5d607f260f0f24dfe036a5a348a4ae2b9d01cecaf3d74315287f1ea13,unit9-10,"I'm fine, thanks.",,audio-manifest,初筛未提示文字差异,,只表示自动初筛没有文字差异；自然度、音色、词性变音和音标仍需人工听审。,"I'm fine, thanks.",未做第二模型,1364,70,待逐条人工听审,,,
unit9-10/audio/l09-d07.mp3,80bec0399e4ae269aa301d3b28e1da85b02b884f0cd060ccf05d2e4a10bcbc43,unit9-10,How is Tony?,,audio-manifest,初筛未提示文字差异,,只表示自动初筛没有文字差异；自然度、音色、词性变音和音标仍需人工听审。,How is Tony?,未做第二模型,1227,70,待逐条人工听审,,,
unit9-10/audio/l09-d08.mp3,eacc09b6818463331a50c9a9fddf498375599faa7f4220087a8f6dbf53649e25,unit9-10,"He's fine, thanks.",,audio-manifest,初筛未提示文字差异,,只表示自动初筛没有文字差异；自然度、音色、词性变音和音标仍需人工听审。,"He's fine, thanks.",未做第二模型,1294,70,待逐条人工听审,,,
unit9-10/audio/l09-d09.mp3,fc642bb504a82dbd2f6882d25b5342ddf06e8068225548234dd753cd27a7277f,unit9-10,How's Emma?,,audio-manifest,初筛未提示文字差异,,只表示自动初筛没有文字差异；自然度、音色、词性变音和音标仍需人工听审。,How's Emma?,未做第二模型,956,70,待逐条人工听审,,,
unit9-10/audio/l09-d10.mp3,82e2f8b4b8501bc21c9d7b8d682f1f6d2b56d7726525172ba6983895608e4b13,unit9-10,"She's very well, too, Helen.",,audio-manifest,初筛未提示文字差异,,只表示自动初筛没有文字差异；自然度、音色、词性变音和音标仍需人工听审。,"She's very well, too, Helen.",未做第二模型,1804,70,待逐条人工听审,,,
unit9-10/audio/l09-d11.mp3,9657739b260b0dac4f902159c9a69ae6af4f82f7a3674adb675862744eaa9108,unit9-10,"Goodbye, Helen.",,audio-manifest,初筛未提示文字差异,,只表示自动初筛没有文字差异；自然度、音色、词性变音和音标仍需人工听审。,Goodbye Helen.,未做第二模型,1270,70,待逐条人工听审,,,
unit9-10/audio/l09-d12.mp3,a06eb7147e280770174d6167c7017cb0ea42d7a248c8c95c182383f3c31b4e23,unit9-10,Nice to see you.,,audio-manifest,初筛未提示文字差异,,只表示自动初筛没有文字差异；自然度、音色、词性变音和音标仍需人工听审。,Nice to see you.,未做第二模型,1298,70,待逐条人工听审,,,
unit9-10/audio/l09-d13.mp3,5048e9227afb8f6449c42fbf6748f3a46e6ee21e4b403be3c70cbb8bb106da2c,unit9-10,"Nice to see you, too, Steven.",,audio-manifest,初筛未提示文字差异,,只表示自动初筛没有文字差异；自然度、音色、词性变音和音标仍需人工听审。,"Nice to see you too, Steven.",未做第二模型,1937,70,待逐条人工听审,,,
unit9-10/audio/l09-d14.mp3,04251295213eed6ca18fe9f94e345801bc37921b963fecd9da860df52c8f2988,unit9-10,Goodbye.,,audio-manifest,初筛未提示文字差异,,只表示自动初筛没有文字差异；自然度、音色、词性变音和音标仍需人工听审。,Goodbye,未做第二模型,929,70,待逐条人工听审,,,
unit9-10/audio/l09-w01.mp3,b9aeb9698d78954edbbd785bbd963fedd6fad53dadbd787583130c7a6934bebf,unit9-10,hello,/heˈloʊ/,audio-manifest,初筛未提示文字差异,,只表示自动初筛没有文字差异；自然度、音色、词性变音和音标仍需人工听审。,Hello.,未做第二模型,722,70,待逐条人工听审,,,
unit9-10/audio/l09-w02.mp3,61332754b5ecfc8404fcbd1173e396644fb8bc94ac641c1a1be18f6a98988d87,unit9-10,hi,/haɪ/,audio-manifest,初筛未提示文字差异,,只表示自动初筛没有文字差异；自然度、音色、词性变音和音标仍需人工听审。,Hi.,未做第二模型,590,70,待逐条人工听审,,,
unit9-10/audio/l09-w03.mp3,717e336621e1c2a8d6af015de08a26e97110f501b192ec1fd4bbe977208eeb8b,unit9-10,how,/haʊ/,audio-manifest,初筛未提示文字差异,,只表示自动初筛没有文字差异；自然度、音色、词性变音和音标仍需人工听审。,How?,未做第二模型,599,70,待逐条人工听审,,,
unit9-10/audio/l09-w04.mp3,798890dfb6784391ae74a62843d91d7f547104a89fcf07e25805230c4f3ecb22,unit9-10,today,/təˈdeɪ/,audio-manifest,初筛未提示文字差异,,只表示自动初筛没有文字差异；自然度、音色、词性变音和音标仍需人工听审。,Today.,未做第二模型,683,70,待逐条人工听审,,,
unit9-10/audio/l09-w05.mp3,1f034d77128f13178e6bdecfbc9cf72a0cc9443e913ff97db103f24623140816,unit9-10,well,/wel/,audio-manifest,初筛未提示文字差异,,只表示自动初筛没有文字差异；自然度、音色、词性变音和音标仍需人工听审。,"Well,",未做第二模型,595,70,待逐条人工听审,,,
unit9-10/audio/l09-w06.mp3,b43f618a26079619f1f45a4df0eeef52c46b361a4ba771046cd2465e08038ea9,unit9-10,fine,/faɪn/,audio-manifest,初筛未提示文字差异,,只表示自动初筛没有文字差异；自然度、音色、词性变音和音标仍需人工听审。,Fine.,未做第二模型,698,80,待逐条人工听审,,,
unit9-10/audio/l09-w07.mp3,484b4c2d905a0bd08a274b009774e79f5b185bf34ce3b1c881175617a6aead99,unit9-10,thanks,/θæŋks/,audio-manifest,初筛未提示文字差异,,只表示自动初筛没有文字差异；自然度、音色、词性变音和音标仍需人工听审。,Thanks.,未做第二模型,658,70,待逐条人工听审,,,
unit9-10/audio/l09-w08.mp3,0593eb1948e4ac1c3d3b1e78cb0803b2b6491d90eefa67ebb4f786cdcdc38ffb,unit9-10,goodbye,/ɡʊdˈbaɪ/,audio-manifest,初筛未提示文字差异,,只表示自动初筛没有文字差异；自然度、音色、词性变音和音标仍需人工听审。,Goodbye.,未做第二模型,850,70,待逐条人工听审,,,
unit9-10/audio/l10-b00.mp3,abde6425eac412b4733139d7e2858578a3e4e42a94eaefa54f36679aba48c496,unit9-10,Look at Helen. She's very well.,,audio-manifest,初筛未提示文字差异,,只表示自动初筛没有文字差异；自然度、音色、词性变音和音标仍需人工听审。,"Look at Helen, she's very well.",未做第二模型,2024,70,待逐条人工听审,,,
unit9-10/audio/l10-b01.mp3,a4ea0b7f8ac8b491ad96da989b01530956a194a2351fc6364e65692dc668d804,unit9-10,Look at that man! He's very fat.,,audio-manifest,初筛未提示文字差异,,只表示自动初筛没有文字差异；自然度、音色、词性变音和音标仍需人工听审。,"Look at that man, he's very fat.",未做第二模型,2254,70,待逐条人工听审,,,
unit9-10/audio/l10-b02.mp3,f346570b8c211fe73215650d1c87355880002d45f626a29ccd3fac086114b850,unit9-10,Look at that woman! She's very thin.,,audio-manifest,初筛未提示文字差异,,只表示自动初筛没有文字差异；自然度、音色、词性变音和音标仍需人工听审。,"Look at that woman, she's very thin.",未做第二模型,2319,70,待逐条人工听审,,,
unit9-10/audio/l10-b03.mp3,5cceccf9db5080428de11af3b78f12407dab4fbf34bcb7008ffc2973cb34d63a,unit9-10,Look at that policeman! He's very tall.,,audio-manifest,初筛未提示文字差异,,只表示自动初筛没有文字差异；自然度、音色、词性变音和音标仍需人工听审。,Look at that policeman. He's very tall.,未做第二模型,2476,70,待逐条人工听审,,,
unit9-10/audio/l10-b04.mp3,404c8610ae01f9c725ba2bb213dfc372f13959bb314bfd802d8ae6eba7596522,unit9-10,Look at that policewoman! She's very short.,,audio-manifest,初筛未提示文字差异,,只表示自动初筛没有文字差异；自然度、音色、词性变音和音标仍需人工听审。,"Look at that police woman, she's very short.",未做第二模型,2722,70,待逐条人工听审,,,
unit9-10/audio/l10-b05.mp3,a5bc56c04d0ec0bf5de810bf68a3e530cc17d9c5d8e18be385492f7d02a8e4ea,unit9-10,Look at that mechanic! He's very dirty.,,audio-manifest,初筛未提示文字差异,,只表示自动初筛没有文字差异；自然度、音色、词性变音和音标仍需人工听审。,"Look at that mechanic, he's very dirty.",未做第二模型,2546,70,待逐条人工听审,,,
unit9-10/audio/l10-b06.mp3,c433181d34d5329fc85afa7da2dd772e31d4149cbfb2891b6ce4beff4d2312a9,unit9-10,Look at that nurse! She's very clean.,,audio-manifest,初筛未提示文字差异,,只表示自动初筛没有文字差异；自然度、音色、词性变音和音标仍需人工听审。,"Look at that nurse, she's very clean.",未做第二模型,2363,70,待逐条人工听审,,,
unit9-10/audio/l10-b07.mp3,90f2b90e941be2e1c64a99297c9f941117eefc527fe3d791a5c3198980c3433c,unit9-10,Look at Steven! He's very hot.,,audio-manifest,初筛未提示文字差异,,只表示自动初筛没有文字差异；自然度、音色、词性变音和音标仍需人工听审。,"Look at Steven, he's very hot.",未做第二模型,2186,70,待逐条人工听审,,,
unit9-10/audio/l10-b08.mp3,25df4b9f6ff4eeb1570a88efb5449b4e6a4fb76005f42744786fefb83e996461,unit9-10,Look at Emma! She's very cold.,,audio-manifest,初筛未提示文字差异,,只表示自动初筛没有文字差异；自然度、音色、词性变音和音标仍需人工听审。,"Look at Emma, she's very cold.",未做第二模型,1980,70,待逐条人工听审,,,
unit9-10/audio/l10-b09.mp3,3c92a592700d15c98350a93dc2a73f4a001e812550699477a0ec14bc9def703f,unit9-10,Look at that milkman! He's very old.,,audio-manifest,初筛未提示文字差异,,只表示自动初筛没有文字差异；自然度、音色、词性变音和音标仍需人工听审。,"Look at that milkman, he's very old.",未做第二模型,2361,70,待逐条人工听审,,,
unit9-10/audio/l10-b10.mp3,cac2cc109b04bd2fa98ddf22a0b1b3fcbd8e826584777c213997644553b4cb01,unit9-10,Look at that air hostess! She's very young.,,audio-manifest,初筛未提示文字差异,,只表示自动初筛没有文字差异；自然度、音色、词性变音和音标仍需人工听审。,"Look at that air hostess, she's very young.",未做第二模型,2807,70,待逐条人工听审,,,
unit9-10/audio/l10-b11.mp3,f21798f1154b53c17835fd79bb86e7cb620e6eb586b39ee0acd8f3baa5ce3f11,unit9-10,Look at that hairdresser! He's very busy.,,audio-manifest,初筛未提示文字差异,,只表示自动初筛没有文字差异；自然度、音色、词性变音和音标仍需人工听审。,Look at that hairdresser. He's very busy.,未做第二模型,2672,70,待逐条人工听审,,,
unit9-10/audio/l10-b12.mp3,fbbfb9b5be7aafb63b465a00b04708c039cf5b6f7837ad6d8e1024145250faaa,unit9-10,Look at that housewife! She's very lazy.,,audio-manifest,初筛未提示文字差异,,只表示自动初筛没有文字差异；自然度、音色、词性变音和音标仍需人工听审。,Look at that housewife. She's very lazy.,未做第二模型,2542,70,待逐条人工听审,,,
unit9-10/audio/l10-w01.mp3,8fac33e519757367b15706144bdc716ab3dbbba09fdefd6e034b16dc8a10887e,unit9-10,fat,/fæt/,audio-manifest,初筛未提示文字差异,,只表示自动初筛没有文字差异；自然度、音色、词性变音和音标仍需人工听审。,Fat.,未做第二模型,650,50,待逐条人工听审,,,
unit9-10/audio/l10-w02.mp3,78252ac441d0511cd74fc2f053ce436f781682a0ad5df3190b905cc9e56370f2,unit9-10,woman,/ˈwʊmən/,audio-manifest,初筛未提示文字差异,,只表示自动初筛没有文字差异；自然度、音色、词性变音和音标仍需人工听审。,Woman,未做第二模型,680,70,待逐条人工听审,,,
unit9-10/audio/l10-w03.mp3,6b2f2656191e3fb2038abcaa2b383743bb5dfeda141fa08a66f635e7b9dcc351,unit9-10,thin,/θɪn/,audio-manifest,初筛未提示文字差异,,只表示自动初筛没有文字差异；自然度、音色、词性变音和音标仍需人工听审。,Thin.,未做第二模型,590,80,待逐条人工听审,,,
unit9-10/audio/l10-w05.mp3,1ad2b6b48c63af0a2d8372ffa5822ab666e969150b45529f734e6e9c8dc78de6,unit9-10,short,/ʃɔːrt/,audio-manifest,初筛未提示文字差异,,只表示自动初筛没有文字差异；自然度、音色、词性变音和音标仍需人工听审。,Short.,未做第二模型,680,70,待逐条人工听审,,,
unit9-10/audio/l10-w06.mp3,ebc17af3d0f75825a37cfa3866a6c556016e2b66b18071d7ff924152dfe8d4c0,unit9-10,dirty,/ˈdɝːt̬i/,audio-manifest,初筛未提示文字差异,,只表示自动初筛没有文字差异；自然度、音色、词性变音和音标仍需人工听审。,Dirty.,未做第二模型,732,70,待逐条人工听审,,,
unit9-10/audio/l10-w07.mp3,2c56ee91f90cc401fe334030ba85000c01dfd5545c2d653890e112cf0a0996c6,unit9-10,clean,/kliːn/,audio-manifest,初筛未提示文字差异,,只表示自动初筛没有文字差异；自然度、音色、词性变音和音标仍需人工听审。,Clean.,未做第二模型,727,70,待逐条人工听审,,,
unit9-10/audio/l10-w08.mp3,23eedeff301d349732db3047d5f8f1de621c3a8b14313c86a72496e35e1e35b6,unit9-10,hot,/hɑːt/,audio-manifest,初筛未提示文字差异,,只表示自动初筛没有文字差异；自然度、音色、词性变音和音标仍需人工听审。,Hot.,未做第二模型,640,60,待逐条人工听审,,,
unit9-10/audio/l10-w09.mp3,84f15b6e258aedcbb5a79cedfafa70cf7c962940e69f9b3f943c6e3169f1d22f,unit9-10,cold,/koʊld/,audio-manifest,初筛未提示文字差异,,只表示自动初筛没有文字差异；自然度、音色、词性变音和音标仍需人工听审。,Cold.,未做第二模型,733,70,待逐条人工听审,,,
unit9-10/audio/l10-w10.mp3,99e3e5a2d76cee25f2c5925cdc244038c842260b4ff132b1d3b0fe147f707933,unit9-10,old,/oʊld/,audio-manifest,初筛未提示文字差异,,只表示自动初筛没有文字差异；自然度、音色、词性变音和音标仍需人工听审。,old.,未做第二模型,725,70,待逐条人工听审,,,
unit9-10/audio/l10-w11.mp3,407fefa7cd3dd3b9ef690c1be80695677a3c043ec76cb3b06d0bd449896401d8,unit9-10,young,/jʌŋ/,audio-manifest,初筛未提示文字差异,,只表示自动初筛没有文字差异；自然度、音色、词性变音和音标仍需人工听审。,Young,未做第二模型,656,70,待逐条人工听审,,,
unit9-10/audio/l10-w12.mp3,c5119ff501effcd8df8e483521d88e2015d49d2174a97608844651ed6d01b59f,unit9-10,busy,/ˈbɪzi/,audio-manifest,初筛未提示文字差异,,只表示自动初筛没有文字差异；自然度、音色、词性变音和音标仍需人工听审。,Busy.,未做第二模型,688,70,待逐条人工听审,,,
unit9-10/audio/l10-w13.mp3,738772c4baf21c1decedcd5fe62536f5d4b550502a558a6e89288137bf2768ac,unit9-10,lazy,/ˈleɪzi/,audio-manifest,初筛未提示文字差异,,只表示自动初筛没有文字差异；自然度、音色、词性变音和音标仍需人工听审。,Lazy.,未做第二模型,812,70,待逐条人工听审,,,
unit9-10/audio/written-a-00.mp3,93e7a4bfbf0df47df8e37f5df3d4312cf4eb01c126f2e1fa45594b486a3e4cdc,unit9-10,Robert isn't a teacher. He's an engineer.,,audio-manifest,初筛未提示文字差异,,只表示自动初筛没有文字差异；自然度、音色、词性变音和音标仍需人工听审。,"Robert isn't a teacher, he's an engineer.",未做第二模型,2695,70,待逐条人工听审,,,
unit9-10/audio/written-a-01.mp3,2dc272ff484af8f7985fee5f128420c33ba1504b6c92c2492bc6246d173eefd9,unit9-10,Mr. Blake isn't a student. He's a teacher.,,audio-manifest,初筛未提示文字差异,,只表示自动初筛没有文字差异；自然度、音色、词性变音和音标仍需人工听审。,"Mr. Blake isn't a student, he's a teacher.",未做第二模型,2752,70,待逐条人工听审,,,
unit9-10/audio/written-a-02.mp3,126750397b8eb896e37ce21a5a826707afea5e1bb0710b5e5c37a42e4b30f13c,unit9-10,This isn't my umbrella. It's your umbrella.,,audio-manifest,初筛未提示文字差异,,只表示自动初筛没有文字差异；自然度、音色、词性变音和音标仍需人工听审。,This isn't my umbrella. It's your umbrella.,未做第二模型,2587,70,待逐条人工听审,,,
unit9-10/audio/written-a-03.mp3,7d5fc4fdfa92868a5703fdb2a34236a9658c03b223d89fcb255d9b58d1a81e5e,unit9-10,Sophie isn't a teacher. She's a keyboard operator.,,audio-manifest,初筛未提示文字差异,,只表示自动初筛没有文字差异；自然度、音色、词性变音和音标仍需人工听审。,"Sophie isn't a teacher, she's a keyboard operator.",未做第二模型,3219,70,待逐条人工听审,,,
unit9-10/audio/written-a-06.mp3,b8c24033fabc2387f397f35a7093099fc7e18c654f5f5c88bbd7bce095c08c0a,unit9-10,This isn't a German car. It's a Swedish car.,,audio-manifest,初筛未提示文字差异,,只表示自动初筛没有文字差异；自然度、音色、词性变音和音标仍需人工听审。,"This isn't a German car, it's a Swedish car.",未做第二模型,2860,70,待逐条人工听审,,,
